gene_id,MeSH_count
RAB5C,58
TNXB,25
FHL5,3
CHEK1,956
LRRC39,0
ANAPC16,0
TBRG4,11
CFI,349
BHMT2,5
SGK1,205
SUN2,20
INCA1,5
SMKR1,1
ANKRD36B,2
ECSIT,6
USP41P,0
CSF1,629
ZMYND19,1
MST1R,67
EPYC,5
IP6K3,3
BEND7,0
NCSTN,10
SPRY2,140
SNRPN,52
H1-2,41
UBASH3B,14
CXXC4,22
SLCO2A1,35
FBH1,2
CLDN4,256
UBE2S,45
CCL11,127
DAP3,37
JPH1,3
P2RY6,8
DNHD1,2
PDE7B,15
EPOR,367
PSMB4,26
PTGES2,18
MKI67,782
HSD11B1,50
COPA,56
ZNF577,9
SIM2,52
SPATA22,0
EXD3,1
TMEM45A,17
GNB3,29
AOX1,45
CFTR,367
BTF3,33
KCNB2,1
NSUN3,11
CLIC5,18
TAS2R20,0
FGF18,65
MICA,727
NRIP3,6
CDC42EP5,4
EIPR1,1
CANT1,20
CCL22,323
FBXO15,3
CDK11A,21
GSTM2,53
PELI2,3
GCNT3,20
ELOB,18
H2BC17,0
CDH5,62
SCN3B,8
SMAD6,80
RARRES2,98
ABCB7,8
PRKAA1,150
BBS5,0
ATP8A2,10
DNASE2B,4
FAM20A,6
GYPC,13
CABP1,4
EXOSC4,9
TSPAN10,5
PIK3C2A,21
CD74,461
ARF1,59
MLXIPL,36
MRPS34,2
HAVCR2,579
CETP,58
POC1A,5
RIBC2,4
PET117,0
SSTR1,208
TNFRSF1B,78
ST6GAL1,140
ROBO3,25
PLCH1,4
KRT15,55
TEDC2,5
MARCKS,134
OCLN,150
CD24,2211
EPHA1,83
SQLE,99
NCR2,47
IGDCC4,5
ZNF713,1
RAC2,111
SLX1A,2
ADCY5,15
CSTF1,1
DNAJC18,0
DNAH1,3
SH3BP2,14
BRD4,1149
IGFBPL1,7
DDC,338
PRDM5,24
ZCRB1,2
SKIC3,0
SPATA2,6
KLF2,192
NRXN1,27
B4GALNT4,6
ABCB1,2641
SOX17,220
BATF,79
SRP19,4
ITCH,393
RASSF6,34
UQCC4,0
NREP,11
GATA4,214
LIN7B,1
CAMSAP2,4
DLG3,16
FGD6,6
E2F3,377
LDHA,928
PSMD3,14
CPNE3,11
MEX3A,32
MSH4,16
SYNGR3,4
SCN7A,15
AUP1,7
SERPIND1,10
LAMA4,56
GLRX3,16
TBL1XR1,109
FSBP,6
GJC2,1
PAK5,58
TRH,1025
DUOX2,62
LRRC4B,1
DNM1,7
WEE1,706
PARD6B,9
CERKL,6
IGKV2D-29,1
EPHA10,29
HSCB,6
CDC20,465
SHISA2,1
NMNAT2,10
MICAL3,3
CIDEA,22
CCL4L2,4
RPN2,41
THEM5,3
RASA4,7
FAM193B,2
PTK2,1483
RUNDC3B,12
YIPF5,2
TIGD3,1
UFC1,20
LTB,148
FASLG,1457
PTPRT,53
TAX1BP3,15
SLC35A2,9
NAA20,2
SORD,11
GNG5,14
RIPPLY3,1
MCM4,113
DMTF1,25
NPY2R,5
FOXF1,79
PAFAH1B1,31
YAP1,2166
EEIG2,0
PXDNL,5
FGA,127
SEC16A,9
HOXA2,22
NCK1,45
UGT2B7,110
ACTR1A,6
ATP1B2,19
MDFI,17
RAB10,36
MAGEF1,4
AUNIP,4
AURKA,1204
HSPA1L,22
KARS1,2
BCL11A,117
RNF139,21
FADS3,8
C6orf132,0
GIMAP6,8
ADRB1,31
ATP2B1,21
KIF23,88
HAO2,9
GRID1,8
PRG2,9
OR52B2,0
SCNN1A,21
MC1R,515
IL17D,28
RCC1L,1
GFM1,7
DPT,383
CDYL2,4
KIAA0408,1
CEP85L,7
PPP1R1B,57
BLOC1S1,5
WSCD1,1
CD226,208
SLC25A18,0
NDRG3,32
NT5DC2,12
VEGFB,226
METTL6,6
IFT56,0
NOX1,179
SH3BP5,22
SIX2,55
EIF2S2,9
GMFG,13
WNT3A,579
MUC7,57
RBP4,88
BIN1,80
MGAT4D,0
BOK,169
COG8,3
NFE2,155
OTUB2,18
FBXO10,13
CORO6,4
HAPLN1,23
ZDHHC13,4
LCN1,14
TRIP10,19
PPP1R12B,10
TMSB10,25
CDH20,3
KLK3,1469
ADAMTSL2,2
PFDN6,3
SEC62,26
GYS2,11
PSME4,8
CMPK2,2
METTL13,15
FAM13C,2
TNFRSF6B,87
PIGM,5
TNFSF11,566
EPHA2,733
LRCH1,4
STX1B,5
PLP1,15
DSCAML1,4
NOTCH1,3694
MUC19,14
MPP7,5
TNFSF14,80
P2RY14,14
PDE1C,10
DAPP1,8
SLC26A5,1
SNRPA,13
CD207,81
AFAP1L1,6
DCT,272
BCAS1,27
POU6F1,6
OSMR,95
HSPB8,60
KLK14,46
TXNIP,284
ABHD16A,2
PAK3,29
S100A3,27
DIAPH1,49
GAL3ST1,9
HDAC11,55
TULP4,2
CACNA1E,13
TMEM120A,1
NOX5,63
TSPAN33,6
BZW2,18
NECTIN1,43
EFHC2,0
HOXA5,152
BPIFB2,3
EVC2,5
PLPP2,3
UQCR11,5
TOLLIP,21
TNFRSF13B,67
UBFD1,1
ITIH3,18
CSNK1D,25
NOL8,3
PEX19,7
TXNDC15,0
DIMT1,6
CYP2A6,239
ARHGEF25,5
BIK,278
C12orf60,1
CRHBP,11
KBTBD8,1
LMBR1L,0
PLCG2,104
ACKR4,17
CD209,52
GLP2R,9
OSGEPL1,2
ROBO4,45
TFR2,64
CD59,351
JPH4,2
TLR10,39
STAB1,37
BHMT,47
IRF4,698
ARHGAP20,4
RGS16,30
ZNF618,1
CROT,12
ITGB6,63
ACD,539
LINGO1,8
FDX1,87
ZNF154,24
DCAF1,29
DSN1,13
LMO2,306
BAK1,551
KNSTRN,14
SMC4,54
KRIT1,298
IGFALS,11
ADH7,29
FOXA3,29
FKBP4,39
OGDHL,21
ADD3,26
KCNA2,1
KCTD6,2
HM13,14
KDM5D,30
MPC2,24
APIP,15
TNNC1,12
PARN,27
ZRSR2,59
ABHD11,31
AASDHPPT,3
ACOT1,5
GRIN2B,24
LIN7C,3
PSMD1,33
KCTD5,7
CHRM5,2
ERICH2,0
NEK3,12
KCNK9,27
LRRC8B,1
REXO5,1
REEP1,5
FAU,892
C2CD2,1
CDC42BPA,22
HSPH1,53
NOD1,104
CD53,46
AVPR2,19
ZFC3H1,3
ASAH1,68
UCP2,138
JAM3,50
CGN,78
OPRD1,8
SUV39H1,150
FXYD2,10
TDRD7,5
AKR1C3,297
UHMK1,21
AFP,9191
IL16,147
LBP,313
SP140,29
AHNAK,88
PHGDH,175
NR4A1,290
ACACB,39
HAND2,89
EPOP,2
PRDM8,4
RETREG3,0
ID3,265
COL5A1,108
USH1G,2
ATG4B,84
NSL1,12
CLEC3A,9
RAD54L,69
BRINP3,9
TENM1,13
DTWD2,0
NRXN2,4
MED1,242
ZC3H11A,3
EGLN2,57
RHOD,45
CCDC74A,2
EIF4EBP3,11
NPY1R,23
MYOZ2,1
CSNK2A1,96
PPAN,6
RNF217,4
TDRD5,5
TP53BP1,296
PPP1R3G,2
GOLGA8R,0
SIK2,51
ALAS1,23
SLC25A37,10
SDCBP,75
PRKCZ,27
SLC39A4,36
TRO,64
LUC7L3,14
HOXC11,32
CNTNAP3,5
UTP14C,2
SRCIN1,36
MRPL17,4
RMI1,27
CARNMT1,0
ERI2,2
DLGAP5,99
SYN2,10
EZH2,3609
AMOT,52
TRPM8,155
PRPS2,18
ZNF331,29
SPINK6,5
THSD7A,34
SOX11,306
LANCL1,8
CDC6,216
RGS11,4
SLC25A13,15
MXRA5,19
CENPH,25
SPATS2,7
MYO3B,2
JDP2,37
DIPK1B,0
ADAMTS2,23
SUB1,37
MAPK11,33
ADH6,11
YKT6,15
NOL12,2
MEFV,31
NXNL2,1
TNNT2,6
ZNF213,1
PCBD2,3
RDM1,12
LPAR1,79
PML,2867
IFNA1,21
ANKHD1,18
ACADSB,12
MECOM,405
SUV39H2,34
SCGB1D2,23
ASPN,65
STON1,3
CLPB,7
HBD,169
RNF166,2
CASTOR1,3
IL11,424
RAB39A,5
RAB31,44
ARMC1,1
RTN4R,17
CHL1,74
TESPA1,4
A1CF,12
NTRK1,689
HHIP,76
YIPF1,1
SMIM14,2
ESPL1,58
ANGPTL7,15
SLC1A5,250
GPR183,12
TNS2,9
ADGRG2,9
GSK3B,1246
CATIP,2
PTER,389
THOC3,2
PLPP3,6
TOMM20,44
CEP43,12
SERTAD4,1
METRN,6
POC1B,1
TMTC1,2
COL7A1,51
PCSK2,12
UNKL,1
MAT1A,74
RNF128,17
KIF5C,8
KIF20B,28
TCF7L1,84
KNDC1,0
ERGIC1,4
DKC1,89
SIN3B,24
APLP1,22
PPIL1,4
ZGPAT,9
ATXN1,46
SLC30A1,26
S100A2,187
RAP1A,120
HNRNPD,72
XCL1,62
LCN2,434
INSM1,225
EIF2AK2,49
CA3,92
IL1R1,107
SHANK2,28
ASIP,45
FBXW12,2
PPP4R4,1
H4C14,0
POLR1B,4
PIK3C2G,16
RAP2B,35
DPY30,16
MOCS3,2
PLAAT5,0
C15orf48,12
LDHC,17
RAC1,2085
LMX1A,32
OPN1SW,1
AOC2,2
PARP9,28
ADAMTS3,9
MAP2K6,94
IL6R,608
U2AF1L4,3
AMZ1,0
SCAND3,1
FASN,754
DCP1B,1
MVK,37
DES,67674
IFT70B,0
TEX14,9
PAOX,7
RASGRF2,24
RCBTB2,14
CCDC74B,1
ALDOC,38
DAPL1,4
NPEPL1,3
CDC42EP3,12
DHX15,28
KCNH8,3
ZIC4,42
ASPA,42
OR51E1,15
MTOR,19193
CLDN10,32
CCR6,313
IL1RN,389
ITIH5,29
ZNF354B,0
RHEBL1,6
PRSS21,14
C14orf180,3
LIPE,67
FANCF,79
CSF1R,554
KRT2,9
TAF1C,3
SUCO,3
EDN2,7
HIPK2,136
RGS8,8
CTRL,190
MCAM,315
H4C8,1
F2RL2,15
CFAP90,0
TLX1,124
ACSS2,53
CAMK2G,16
DYNLT2B,0
CKMT2,12
COL17A1,31
INPP1,4
SYP,223
ANGPTL5,6
NEDD9,165
SLA2,4
SIRPG,8
UNC45A,8
PVRIG,26
DLK2,5
ZBTB2,14
UNC13C,7
EDA,402
GFUS,3
SND1,128
SHBG,1538
SAA4,14
HOXA3,37
GRB2,728
IGF1R,2631
PPP2R2B,26
SKOR1,1
APLNR,56
NPFF,11
CHRNA1,22
NCAM1,419
TSEN15,2
MT-ATP8,9
DNAJC2,17
NISCH,45
CFH,179
EFCAB7,1
ITGAL,28
TNFSF8,75
H2AC13,0
UBE2E3,3
OAS3,21
SYT5,5
DEUP1,4
INTS7,4
FRYL,4
EFNB2,72
ISG15,224
DNLZ,0
SPICE1,1
ELP2,9
PRCC,630
ATF3,444
PERP,51
KSR1,49
TRAF1,148
TPRG1,13
GRB14,17
STAC2,5
STAT5A,404
TRAM1L1,1
LHCGR,107
AQP1,221
ILDR1,3
FYN,493
PPT1,33
SLURP2,3
CX3CR1,240
MOV10,6
CBLN2,3
MYCBP2,18
H1-3,16
TNKS,108
ATP2C2,14
CDK5,299
NPTX2,40
MSX2,61
SNUPN,6
ARL1,8
CDH1,3564
AP1S1,2
MTFR1,5
RAB17,15
KCTD1,3
BMPER,11
TRIM74,1
INIP,1
CIB1,57
FGFR3,1544
FCN3,29
PIP5K1A,20
RHO,7707
ABCC9,15
SRP54,4
SMARCC1,52
MT2A,136
FUT6,42
RPA1,128
COX7A1,11
NPM1,2244
TTYH1,9
H2AC20,0
GPAT2,5
ZNF423,21
DMKN,12
TWIST2,121
CBX3,76
PIGU,19
SNAP25,68
SLC13A4,1
SSR1,17
KLK13,40
GON7,0
MACO1,0
MKNK1,89
MAP2K5,57
DDX60,7
TNFSF18,27
YEATS4,31
CCDC50,11
CIAO2A,2
SULT1A4,1
LARP6,9
IL18,1043
KRT222,1
CLN5,6
PCDHA12,2
FAT4,102
ARHGEF4,20
CDC42EP2,1
SERPINA5,25
ZNF492,3
TRPV4,70
DAP,519
FANCA,221
SPTY2D1,3
POLB,62
HERC6,3
UBXN10,4
FOXJ1,41
WASHC1,0
QDPR,3
DERA,65
OCIAD1,11
PLIN5,10
UPK2,61
C9orf72,11
CLCA4,22
DHCR7,59
SUGCT,3
SH3GL2,36
ADAMTS13,114
CNDP2,10
LCK,495
TTK,491
EPHB6,84
TRPM6,27
ATXN7L3B,3
SEC31B,1
SEPTIN7,19
SCUBE3,18
IGLL5,35
MAGI3,21
GADD45A,373
HSF1,486
PLAAT3,16
CIMAP3,0
PUS7,14
H2BC21,0
PTCD1,1
TFAP4,35
SEM1,24
OVOL2,27
MRPL38,4
LRCH2,0
CHGB,39
FSD1,8
SHANK1,5
FCER1G,24
SULT1C4,5
TTLL3,1
SCT,4078
FUT8,105
CALCOCO2,15
CHRNA2,9
TM4SF19,6
TBX5,47
NPW,13
F7,284
KLHL3,6
OLFM4,139
SP110,16
EFR3B,2
PSPH,64
DAZAP2,4
STIP1,70
TRIM14,33
KCNAB1,7
LATS1,431
KISS1,320
CFAP141,0
MRM2,3
COL8A2,8
RPS4Y1,5
MINPP1,10
WWP1,70
RGN,57
BLK,149
DDR1,266
MYG1,4
NSMCE1,14
PHB2,177
POLR2K,5
KIF26A,4
ZZZ3,4
PDE2A,33
COL9A2,7
MEIOB,4
EFEMP1,125
LRCH3,2
POU2F3,109
ECT2L,3
DERL1,28
CARD8,29
STT3A,16
TCAP,19
PGK1,292
OLIG2,361
PLAC9,3
PRPF40B,3
SIX3,23
SH2D4A,8
ARPC1A,9
MCCC2,7
ACADVL,11
SLAMF7,192
DDI2,9
MAML2,333
PIDD1,23
ADAMTS1,137
BUD23,8
PXN,267
LAT2,57
MAG,1245
HEY1,252
TMEM237,3
ZFP36L2,32
EMC6,6
CPEB1,42
MCRIP2,0
RYR3,22
SEL1L3,9
RABAC1,6
SEMA7A,27
LTA,277
MARVELD2,12
ITGAD,6
VSTM2L,6
ELOVL2,28
ASB1,28
HAUS8,3
JAK2,4719
GAS2L3,6
VRK2,20
MARCHF5,7
HARBI1,0
MPDZ,10
SLC25A15,13
ZNF24,18
CCDC47,1
GAS6,303
MATCAP1,0
H2AZ2,1
AMPH,42
SIGLEC6,15
CTSA,75
FDXR,38
NDC80,122
EAF2,29
SLC16A7,33
IRAG1,5
STC2,166
LMNA,148
MLF1,47
MUC4,616
TMEM177,0
RFC3,28
TRPV3,21
HAPLN2,2
CANX,19
SVOPL,0
NDUFA7,2
PLEKHB1,2
SLC7A6,21
C19orf38,0
CASTOR2,3
ARL6IP1,5
CADM3,17
TRPV6,94
SPX,21
LGMN,31
BLACAT1,40
CHD1L,55
PHIP,233
AP4E1,1
CLIP4,19
SERPINE2,80
ZNF705EP,0
LIMS2,10
TFDP1,73
IQCE,2
FMNL2,31
GRK2,72
FSTL3,23
HLA-C,572
KRT31,1
AP3S2,1
RNASE4,4
MYH7B,6
MSRB3,14
SYCP2,14
ALDH1B1,35
CAPZA1,22
PRLR,241
KCMF1,10
HSPA14,16
TMEM43,6
KLHL41,5
KCNIP4,7
SEMA6B,19
FAAH2,1
INTS14,1
KCNF1,5
RAB3IP,9
YWHAH,29
FRMD1,2
TSLP,93
LARGE2,5
TM9SF1,3
EPO,1407
NOS3,325
HAMP,132
CTNND1,205
IARS2,6
CMTM6,71
RACK1,186
LASP1,148
CD83,633
SGSM2,6
FKBPL,15
TXNDC16,1
GLB1,26
GOLGA7,5
SLC38A3,11
CAPN13,3
RTKN2,17
FAM89A,0
SRGN,36
GJA1,194
ENDOG,58
SDHA,339
FBXO5,34
MTFR2,9
RND1,17
H2AX,2396
ZNF74,3
VOPP1,13
CNGA3,4
SEPTIN4,14
MID2,9
THSD1,9
DOP1B,0
CHMP4A,8
ZNF786,0
FBXL19,17
RASA3,7
GCK,52
SZT2,3
E2F2,237
APEX2,16
HMGB2,82
UNC79,0
HNF1B,233
FLAD1,6
PDGFD,126
CDHR5,12
ENOPH1,5
PRRT1,4
FAHD1,2
DDIT4,158
ADCY4,9
C4A,73
S100B,349
LCMT2,1
UBXN2B,1
PPP1R12C,0
MAPK15,14
APBB3,0
ZYG11A,2
ITGA10,18
RRM2,432
ANKRD29,2
S100A9,479
RTP4,10
PROZ,4
RAB24,5
PSMD4,38
USP25,21
CCDC40,4
PSME2,17
CORO2B,3
GLA,1086
RALYL,13
PUS1,6
NRXN3,19
SEPHS2,8
ONECUT2,45
FAM153A,0
SYCE1,4
ZNF20,2
SHC2,8
KALRN,9
PIWIL2,76
PPP6C,28
MT1E,56
CTLA4,5347
GP2,80
ACTR10,1
CCDC65,3
RPL22,149
PSMD14,43
SPSB2,1
LILRA4,7
S100A16,53
ADAM20,2
ENTHD1,0
GSTM3,151
DNAJA3,22
CCL16,25
ME2,131
GNPNAT1,11
RANGRF,0
DNM3,19
LRFN1,5
SFN,780
FRS2,123
CA8,24
RALBP1,116
CHRNA5,111
ST6GALNAC5,18
SP100,58
ALCAM,267
IREB2,33
MYCN,2791
FGG,177
KCNIP2,4
KASH5,2
PLAAT4,48
SEMA4A,28
FKBP10,33
CD40,2415
IFIT1,76
HYCC1,0
MPP4,7
FZD4,80
CPA2,8
IL4I1,48
LAMA3,56
PACC1,4
CCDC170,24
PRDM16,93
PKD1,273
FBXL16,5
NALF1,0
IRS2,280
PSRC1,18
RRM2B,73
TTC4,6
GLE1,5
NBN,529
SERPINC1,20
IFIT2,48
GPR65,35
ATG3,111
KIAA0319,3
SLC38A5,13
ZNF239,1
LUM,854
AQP5,122
CDCA3,52
CCNE2,184
SARS2,2
TEPSIN,0
SAXO4,0
VSNL1,25
CXCR6,178
IFT70A,0
PEX7,3
ANKRD1,40
PDCD6,38
GPR21,1
IFI16,98
ACY1,17
BACE1,189
SLC30A2,6
ECH1,6
COL1A2,237
ARSL,0
VAMP8,28
KIFC1,71
CDK7,334
SKAP1,21
CEACAM5,238
DCDC2,8
CCR10,94
SNX21,1
SOWAHA,2
OPN3,15
HINT2,13
WNT2B,76
ARHGAP11A,17
SMC1A,67
PTGFRN,12
NQO1,1115
SH3BP4,7
GPER1,390
CD3E,124
PTPRC,378
HSPB2,18
EFNA2,4
BANF1,32
ZBTB4,29
GFRA2,16
TM2D3,3
BLOC1S3,1
S100A4,756
SPARCL1,76
SV2B,12
ITGA11,32
SLC35B2,8
CST1,46
RASGRP4,9
KRT6A,79
GZMM,18
FRMD3,7
CHI3L2,22
CERS2,61
NLGN4Y,3
TGFBR2,463
APOBEC3G,80
CCS,2502
PPT2,5
SLC35F1,2
TEK,206
TRIM50,7
SNRNP25,4
OR51E2,31
SVEP1,17
NME2,80
PTCRA,6
TNFRSF18,117
TTLL6,3
HBA1,26
TEKT4,5
KRT19,246
ACSL5,47
CCR7,873
A1BG,24
MYH3,9
PACRG,12
PMEL,591
CHMP4C,19
PCDH10,78
SPINK1,225
HYOU1,19
FCHO1,5
NALCN,12
COPS3,22
ICA1L,3
USP38,10
FAM13A,20
COPS8,7
KCNT1,4
FUCA1,20
PUDP,0
TBRG1,5
TRIM24,89
SCCPDH,0
TAL1,414
PNKD,16
LRP5L,3
WDR90,1
CAPRIN2,4
USP22,145
ZRANB2,5
GPR3,3
WNT7B,97
PIEZO2,13
GSTCD,1
CLDN15,6
TRARG1,3
CTBP2,79
KXD1,1
BLM,719
GRIN2A,38
LURAP1,1
C10orf90,8
AGTR1,93
ZNF264,4
BRINP2,1
PLA2G7,29
SDR16C5,7
NAPSA,144
CYCS,41
MYO1A,7
GCHFR,0
AGPAT4,5
RSRP1,1
RWDD3,18
PSAP,144
OTX2,83
TPD52,123
KLF9,93
UQCC2,2
TBX20,7
PPP1R18,5
GIPR,37
TCF15,1
BEND6,0
CD180,35
TACO1,1
FKBP1B,3
CTPS1,19
ZNF43,7
STRC,14
SSTR2,606
RAB39B,5
ABI2,19
WDR31,0
NOP2,94
TNPO1,13
RIPOR2,8
NOTCH2NLA,0
DLX3,19
GRHL2,87
BOC,277
CABLES2,3
DOLK,15
TSEN34,0
OSR1,29
PSMG3,15
IL4R,237
ABI3BP,16
AMN,168
VIM,1009
SSR4,2
UBE2G2,6
SPIRE2,2
SLC6A4,85
ADH1C,110
BTNL8,6
PTGER3,68
TSPAN5,11
MYEOV,39
HLA-DQA1,157
PCGF3,6
LCLAT1,5
MUTYH,657
CENPS,18
CACYBP,57
RAB15,6
IPP,234
SELL,373
VAV1,176
WDCP,2
RUFY1,3
CACNG4,10
MGAT4A,3
CYP4F3,18
DOCK9,16
SAMD13,2
FANCM,86
BCL11B,119
PRKACB,61
GABARAPL1,47
SENP7,12
HOXC5,17
TGFBR3,103
ASPM,151
H2AC25,0
ABI3,9
ACMSD,4
TWIST1,1559
MTA1,388
TIMP3,721
ACO1,22
KCNK6,2
RPGR,2
TMCC3,3
YES1,158
KREMEN2,10
SELENOT,1
KLF8,71
ANP32E,25
SLIT3,56
ZHX3,3
CYP4A22,2
ASH2L,38
ETV7,33
PPL,281
PSORS1C2,1
RPP21,3
SPTBN1,43
RAD23B,71
SLC6A1,16
SYNM,10
MYBL2,229
PINX1,70
FANCL,66
LRRC8C,3
RAD50,478
MYLK,78
IFIT3,66
NUDCD1,20
ZNF557,1
NRGN,3
BRPF3,2
CDR2L,18
CDH17,142
ASIC3,11
RASGRF1,29
FBXW2,13
THOC7,3
MRPS25,0
BAG4,35
SRPX2,27
SNX6,4
MYBPC1,12
TYRP1,186
HRAS,3833
SLC26A3,35
MPL,758
DAB2,158
ZNF804A,2
RPS17,7
COA7,0
TUBB8B,0
KIF16B,9
SREBF1,256
REEP6,4
PCDHGB1,0
ASIC2,19
DCAF8,3
AARSD1,2
GABBR1,17
PDE1A,11
CIB3,0
SRXN1,40
DNAAF11,0
TIFAB,72
RBM34,0
LRIG3,35
APOA4,23
STRADA,689
CCNDBP1,16
DLC1,265
ALDH3A2,20
LRP1,219
GFPT2,24
NT5M,0
MSS51,1
FLRT2,13
UBE2L6,22
AKAP6,6
HORMAD1,18
WWOX,339
TMEM45B,10
ARHGEF40,4
ZNF670,1
RXFP1,35
HTR1D,7
SIGLEC8,14
AGXT2,2
JPT1,23
ARHGAP39,2
ZIC1,67
YWHAE,156
IL12RB2,38
KLRK1,576
ADGRG4,3
FGL1,50
NOTUM,22
TKTL1,84
ESPN,15
WASF3,55
OLA1,19
FXYD3,44
PKM,220
MAGEA11,43
PAIP1,16
HSPA12B,3
PLEC,81
TRAPPC5,0
ANGPTL4,218
CORO1A,17
TPM3,200
GALNT10,10
NME6,5
IFT43,0
LMNB2,25
MTUS2,4
CSTF2,17
TLR4,1609
CRY2,103
ERRFI1,96
ADRA1D,8
SELP,79
EIF4A3,119
ERG28,4
STRAP,263
ATP6V0A4,7
TMC6,23
DACT3,15
CCDC13,1
MX1,405
PLN,339
CNTNAP3B,0
KIAA2012,1
HIC1,236
MFAP4,27
SLC29A3,15
C4BPA,27
TMEM185B,0
ERVW-1,6
PPARGC1B,52
RBMS1,21
RAP1B,73
ITPR2,22
NGF,1005
PHEX,42
NEUROD6,5
KIF9,4
MIB2,11
FGFRL1,31
KIAA1549,195
ZCCHC12,7
JMJD6,62
KLHDC9,3
PTTG1,254
MSMO1,13
SLC25A10,7
RRH,97
GNG3,4
NEK6,36
ZNF675,1
KCTD3,0
CLUH,0
CHCHD5,2
DNASE2,2
MIA3,7
PNMA8A,0
PRH2,1
DHRS2,29
RBBP4,64
APOO,3
ENAH,94
U2AF1,241
CCR4,643
HSPA4,48
KIF3A,35
LEPR,404
PDE4C,12
F13A1,20
CLEC3B,24
TRIP13,94
DDR2,224
SELE,93
AGPAT5,2
FGFBP2,11
AMOTL2,24
PDE1B,10
ADAM11,11
AKR7A3,7
MYO7B,2
NHERF1,82
GPR137B,9
XIRP1,2
RNASEK,3
ELANE,47
TAS2R5,0
ECM1,102
ZNF486,4
CDH26,1
PARL,74
DOC2B,4
PPP1R14B,10
B3GALNT1,3
E2F5,101
ZNF730,0
COX4I2,8
SKP2,915
CXCL13,602
SP6,106
CBX1,46
NEBL,27
NCDN,1
LONRF3,0
GRIA4,14
NTRK3,708
DHRS4,5
DISP3,2
RAE1,44
COX16,4
CA2,7392
GPC3,753
FAM185A,2
PRKAR2B,47
KLHL25,3
CLDN11,38
GTF2IRD1,6
XPNPEP2,3
HAPLN4,3
CLDN19,3
LGALS2,7
TCN1,22
TRIM34,3
ACSL6,23
MT-CO1,21
GSTM5,33
TANC2,2
TAGAP,9
PLEK2,29
P4HA1,63
ANGPT2,212
CDC20B,3
EEF1A2,115
ADAT2,3
FRAT2,17
SPDYC,3
ELOVL7,4
LDB2,19
GPRC5A,82
FILIP1,12
MKRN3,16
BEX1,31
TNFSF10,2145
DEFB127,2
CRHR1,35
ITSN1,18
NUDT3,5
MRAS,49
ADSL,10
PIGN,5
ZNF81,2
RSPO3,54
WARS1,7
KLHL10,0
IGFL2,17
ZFAND5,6
TMEM52B,3
STXBP6,8
BROX,33
C1orf116,4
ELOVL4,15
COX14,2
CASTOR3P,0
KIF1A,35
PDZD4,3
LHX2,43
SOX12,44
RPL17,5
CD4,22658
IDS,585
MPV17L,1
MSLN,389
PTPN5,4
CEBPB,223
CXADR,18
VASN,20
CD79B,428
MANF,27
NAT8L,6
TBC1D10A,2
PKD1L3,1
OIP5,134
TRAM1,18
KCNJ3,12
ZBTB47,2
PAX2,340
CNKSR2,5
AIFM1,197
SNRPF,7
NTM,112
PATJ,8
CHKB,8
HAUS7,1
ESRP2,42
HELB,6
MCHR1,8
SNRNP70,7
FSTL4,3
ZNF610,4
NUP107,18
SCN1B,9
CD248,69
ALDH5A1,18
CALCR,15
MTG1,4
KRT23,29
FEZ1,28
WNT5A,788
BPNT1,3
ATOH8,16
PMAIP1,418
DCLRE1C,27
CENPK,21
RAB3B,20
LRFN5,2
HDAC7,94
PRMT6,49
IFI27,71
DLL3,178
ENO3,16
RHOJ,26
EEF1G,14
MUC5B,169
NEK2,225
TK2,37
PAK1,598
PHYHIP,3
PDIA3,139
KLB,62
IDE,1828
COQ8A,1
CDH11,98
CRIPTO,206
LPL,596
ITPR3,35
STAB2,19
MBTPS1,6
PRORP,1
SYCE3,0
RUVBL1,79
SDSL,2
TSGA13,1
SPNS1,7
RIBC1,0
GCM1,7
LAMC1,74
FBLN5,48
MMS22L,3
PNPLA2,56
ATP11A,6
TLR2,653
CYP3A4,1216
CBX4,61
FBXO41,2
DOC2A,4
ARG1,432
EMX2,42
RASD2,4
HK3,71
ERH,54
ADAMTS12,19
RFX5,23
PFN4,1
GATAD2B,5
ACKR3,293
MAP7D3,4
ZNF124,3
ZFP36,132
CNR1,47
MRPS33,1
SORBS1,26
ARGLU1,5
CLDN1,381
DISC1,47
PTGDS,38
LENG8,2
STYK1,26
SLC22A5,38
MITF,1199
PSEN2,73
ZEB2,738
DCPS,31
PFKFB2,39
HES1,789
GJD3,1
CTSG,75
GGA1,4
GPR31,9
IGFL1,5
EMCN,20
ARHGEF38,1
NANOS3,8
MZT2A,2
TASL,4
NDRG4,79
SUMO4,2
MR1,115
MRPL14,2
NPR2,6
PNLIPRP1,4
H4C12,0
NEU4,20
FBXL18,2
ATP1A1,114
TAMALIN,4
KRT1,44
MEF2C,137
CYP11A1,146
ZNF471,11
NAGA,157
MYL11,0
LYRM4,2
ATP6V1D,2
CD36,653
ZNF536,2
RASD1,29
PAM16,5
EIF2B1,4
MB,25766
EML3,1
RELN,94
TMEM185A,2
THBS4,30
ATOX1,41
TIMP4,90
EMP1,91
LTBR,69
NUDT15,89
EXT2,241
GPR139,3
RECQL4,110
HOXA10,255
COL19A1,5
MAP3K11,22
AKR1C1,122
CBX8,55
KCNJ1,8
PITPNM3,23
P2RY11,12
SHC3,24
CHD4,93
ALG3,20
RAB41,0
SLC7A10,4
FBL,53
IFNG,667
MAGOHB,7
S100A10,117
B3GALT1,3
EOMES,134
GPR88,0
C1QL2,2
CCDC187,0
APEX1,516
HOXD10,105
MYH11,517
PRSS3,43
ACSL1,63
NEGR1,22
MORN3,1
WDR45,3
GRN,277
CACNA1D,100
FOXD4,9
LPAR6,35
AMH,1302
RIPOR1,1
FGFBP1,53
GADD45B,130
AVPI1,1
HYAL2,81
MMGT1,0
HPN,203
RHCE,11
MPRIP,6
GRIK5,3
SLC18A2,27
RTN4IP1,5
ZIC2,65
KLHDC8A,7
OGN,43
LEFTY1,19
MRPS28,3
ZNF763,0
DUSP9,16
WDR91,0
RPN1,28
CSNK1G1,7
ACTA1,15
HPSE2,13
MIS18A,2
BMPR1B,72
WNT5B,77
GNAL,9
TAS2R10,1
MAP9,10
H4C7,0
SPTSSB,1
HSPA8,160
RNF126,19
PRKCH,15
MAN2C1,7
CGA,1663
ADGRL3,8
ACADS,16
ACSM1,10
STK39,30
TUBA1A,14
CNIH4,7
SCRG1,5
LRRC31,1
CAV1,1055
SIX5,7
HDAC2,609
JUP,194
JSRP1,3
UNC80,3
CDCA8,98
KCTD14,2
TFF3,334
MT1H,20
MRAP,15
ACADL,19
PPM1F,18
KIF4A,94
GPD2,14
DPM2,3
RGL2,6
STARD9,7
MT-CYB,12
PPP1R15A,91
ZMPSTE24,11
CCT5,23
ARNT2,24
RBPMS2,10
SLC16A11,2
PRSS1,106
SCML1,0
TINAGL1,12
RHOC,397
TRPC1,107
CCDC6,166
FKBP2,4
RHOV,14
GTSE1,46
SRPK3,2
PYCR3,5
PIK3AP1,22
ANKRD50,2
PKNOX2,4
SLC16A8,6
H2BC11,1
BIRC5,4129
PTPRD,132
CHMP3,8
VWA2,8
RBM44,1
AIFM2,27
FABP7,133
CHAF1A,37
FGD5,57
UNC5B,64
PAN2,7
EP300,723
RNASEH1,16
RAB8A,25
TSC22D3,34
TPCN1,2
DMBT1,122
UCHL5,77
CCDC85B,2
RCAN2,7
CYP26B1,32
CRIP1,42
C1S,82
DIP2B,6
FAM76B,2
WIPF2,3
ITIH4,43
RFX2,11
EEIG1,2
CHML,8
NRBP2,5
LAMP2,185
MAPRE1,54
TRPA1,81
CLSPN,45
PLAAT2,0
SPATA17,1
PDK3,24
MYT1,51
NLRP13,2
TAP1,342
GOT1,147
SDK2,2
GANAB,25
COPZ1,9
SH3GL1,21
KYAT1,1
DCAF12,4
FERMT2,32
CXCL16,187
FGF14,22
NFKBID,4
RBBP7,39
DEF6,10
H3C8,0
SRRM2,17
EDN3,19
CIP2A,254
CEP85,1
CALCOCO1,7
VIT,729
VENTX,16
PTGS1,392
KIF2A,57
ABCA1,216
GSN,116
WSCD2,3
CA1,175
NAT1,305
ARHGAP33,0
HOXD4,22
CHST6,5
OVCH1,2
STAMBP,11
SGO1,26
DKK1,818
TMED2,11
TMED1,0
IQUB,2
TDP1,43
MTCH2,19
KIF14,88
PSMA3,36
PLAGL1,76
KLRC4,6
SEC23B,13
KDELR2,14
CAV2,94
PTCHD1,3
DOCK10,10
SH3D19,1
DKK3,292
ROPN1,7
SETDB1,133
TRHR,19
RAP1GDS1,29
ZNF346,5
TMED3,16
KCND3,2
ITPRIPL1,4
GDPD1,0
TBC1D31,3
SLC16A1,66
RAB5IF,2
NUDT19,3
DDT,478
LDB3,3
MT-ND4L,1
EIF2S3,11
PHAX,1
KLHDC2,1
ARHGAP36,8
NCAPG2,19
PLRG1,6
IVL,365
MAP3K3,60
CKMT1B,5
CFAP221,0
TP53RK,11
CDK3,50
CNTNAP1,10
CHGA,400
CD9,724
TRAF3IP3,10
H3C12,0
KCNA5,14
COPG1,4
DIABLO,629
TP53INP1,117
UTS2,6
FRK,82
TNFRSF19,44
PRRG3,1
FUNDC1,27
ZWILCH,5
ATG16L1,97
ATRX,954
MYH6,14
TSHZ2,9
PDF,919
VPREB3,6
PILRB,7
TEAD2,48
GCC1,1
USP5,36
PRKCB,77
KLHL12,7
CLIP3,3
TBC1D7,9
ITPRIP,6
SAMD4B,3
C1QTNF1,11
THBD,89
RIMKLA,0
USP18,54
C6orf52,0
TFDP3,11
UNC5A,19
NME8,3
ADAMTS8,27
MGAT2,2
ANAPC10,2
NABP2,3
HRC,249
HOATZ,0
DCLRE1B,11
GULP1,11
FOXM1,1378
ZBTB6,6
MYRIP,3
SNRPB2,5
PALM3,2
GDAP1,4
RGS3,18
ENPP1,58
GRSF1,7
MRPL15,3
VPS72,6
PFN1,94
CHRNA9,17
FLG2,7
LGI4,3
SLC40A1,35
PRMT2,33
HLCS,21
PDGFRL,12
CASQ2,9
ZBTB46,18
CENPL,8
TMEM97,32
EGLN3,131
RHOQ,6
PCDHAC1,1
ELMOD3,1
TTN,332
PDIA6,41
LORICRIN,51
TRMT12,4
APC2,70
TRIM7,13
PTGER4,121
MAPK7,140
TBCC,11
RPS6KA6,39
SLC1A2,26
FAM184A,0
CDCA7,33
PLXNC1,15
IZUMO4,0
BLZF1,6
UHRF1,257
RNF2,56
RGL4,3
SPTLC1,9
FAM124B,2
ZNF92,0
GTPBP3,2
RDH5,7
TMEM63C,1
THY1,352
ARID5B,107
MMP1,1784
ROS1,1761
CDH15,10
TMEM25,5
KCNG3,3
NOP53,25
TGIF2,43
FGF5,60
AKAP12,124
ACTL8,7
ABCB6,44
STAU2,6
ADGRG5,2
CYP3A5,400
NPPC,13
GRK3,22
OSTC,4
LST1,9
SLC22A1,67
ALOXE3,8
SAP25,2
FOXP3,4061
NETO2,22
GSTO2,39
STAT4,179
NKX3-1,402
EGFR,41189
NUDT7,2
ANGPTL1,38
HGF,3433
RPL21,5
ARL2,23
STYXL1,7
MGAM,8
GPATCH2,1
FLNC,52
CHST7,8
PSCA,354
TRRAP,66
CUL2,68
CPSF3,12
TUBA1C,25
RAD1,44
LAIR2,17
CDCA4,22
CLIC2,3
CHAF1B,25
CCDC141,0
CENPU,23
GTF2E1,2
EDN1,68
CASKIN2,1
DHPS,38
KLF15,41
TUBA3E,2
PLEKHG2,3
GHRH,528
TRPM2,144
NHSL3,0
ZNF219,4
SERPINB3,52
CAVIN3,21
NOVA1,59
ANKS6,0
GTF2H4,10
CES1,61
IL10,5569
KLF1,29
SLC39A1,28
TMIE,28
PTK6,147
GNG2,17
BRCA2,11842
SOWAHC,4
SLCO3A1,14
SAPCD1,5
RCVRN,88
ECM2,8
SCLY,1
ANLN,123
MBD6,4
GEN1,21
BMP6,169
SF3B4,27
KIF25,4
CMA1,18
FLT3LG,19
SAC3D1,7
CACFD1,1
FCN2,10
LAGE3,11
POSTN,453
STEAP4,29
LPAR2,35
ACTR1B,1
COL25A1,3
TAOK1,16
PROK1,29
POMC,336
FAHD2A,1
SORBS3,4
LHFPL5,1
LIFR,226
TRIM55,7
SPAG6,18
RD3,12
JPT2,6
MYSM1,5
TG,6923
ZNF365,27
PNISR,3
IL1A,242
AIM2,175
FUT3,69
CRTAM,17
SLC5A1,42
UBL4B,1
PAPLN,2
GJA3,12
SVIP,7
SUSD3,8
CRACD,6
BCL2A1,119
IQGAP3,44
CYP26C1,4
MT-ATP6,37
RAD54B,41
GTF2A1L,2
ARX,37
XPO1,359
SMARCE1,73
PLA2G2C,1
ADAM33,17
DUSP22,102
HAS3,96
KCNH1,103
TNF,20383
NMB,195
CTTN,219
GLRX5,5
TAFAZZIN,166
SHCBP1,46
H3C6,0
GDE1,3
LRRC32,37
FES,946
LNX1,10
BATF3,88
LCAT,65
CD177,87
ABCA12,22
WNT6,50
FBN1,103
DUSP4,121
ALG8,15
TRAPPC6B,0
PRKAB1,17
FXYD7,3
RBL1,134
PABPN1,16
DVL1,91
PKMYT1,68
PEX11B,2
TGFA,144
TYROBP,86
SCGB2A2,192
NFKBIZ,33
TNFRSF10B,575
NXN,11
RILP,13
TOMM6,2
KCNG1,5
RYR2,46
HOXD13,81
COL9A1,6
SPRN,4
TLDC2,0
CDT1,105
PAK4,212
PKIA,11
CEACAM4,6
TUBG1,12
SULT1E1,51
JAZF1,128
APOB,373
SLC66A2,0
DUSP10,43
IL6ST,263
PAX5,1068
GREM2,20
DYNC1I1,9
FOXA1,832
INTS6L,0
ADGRV1,10
GGT6,5
ZNF626,0
P2RX6,2
PLD4,3
TP53,22205
SLC39A8,13
MCTS2,1
GJB6,20
FEN1,196
LMAN1,10
FSTL1,66
SLC37A1,3
PRKCQ,77
KIF22,19
TMEM259,1
LILRB2,80
SAA1,116
TMEM37,2
RBL2,186
COX5A,12
HACD3,2
ODAM,19
MAD1L1,96
REV3L,49
SLC7A11,731
FSIP1,15
CXXC5,35
ICAM2,90
WT1,3509
FRA10AC1,1
CAMTA2,3
APOBEC3H,15
ESAM,19
TRPC6,78
RXRG,17
GPAM,15
MCM10,61
PLEKHH2,8
CENPF,176
EXOSC5,10
RLN1,12
TUBB3,329
TSPYL2,20
SOX7,74
STAP1,13
TNFRSF9,190
PRUNE1,30
SAMD4A,9
LDLRAD4,4
CRABP2,93
CTRC,66
CH25H,22
NFIL3,42
KCTD21,3
NEFL,50
PLAU,237
ZBTB42,0
ROBO2,40
RAC3,95
ODAD3,1
STK11,1554
SASH1,60
KLK6,156
GABARAPL2,35
FAM136A,6
IGFBP7,191
AGL,128
PPAT,51
CRACR2A,2
KIFC3,11
ST6GAL2,5
POLR3K,1
CALML5,19
PTGDR,17
HDGF,169
PNOC,17
KRT9,8
RRAGB,7
ERCC6L,22
CPNE8,8
GNAS,781
SCG5,45
TOMM34,26
INO80E,1
FOXO1,1466
MYH14,10
DYNLL2,4
PTPRM,30
H2BC15,0
RCOR1,30
PRIM2,18
CEP89,2
SLC19A3,12
NPM3,14
RASL11A,7
PPP2R5B,13
TICAM2,6
CASP3,4190
H4C4,2
CHRFAM7A,1
NMU,182
DAG1,38
LMO7,27
PMP2,7
HNRNPL,55
TMEM220,7
IGSF8,15
TIGD4,0
CROCC,7
NPTX1,25
RASL12,4
SYTL5,2
GLYCTK,0
MICB,284
ZNF695,11
PLGRKT,11
HOGA1,3
ENPP2,54
SYNE4,1
MAPK1,1176
PTBP2,20
CHRM4,5
BCDIN3D,5
ADRB2,111
DPCD,6
MLIP,3
MARVELD3,8
KNG1,35
AAGAB,6
LNX2,2
FFAR4,46
CBLC,24
KCNE2,13
LMO3,35
VAV2,80
GATAD2A,14
ZNF687,9
KRT75,3
IGFBP5,256
LAPTM4B,117
OBSCN,37
MAGED2,21
PRPH,36
NR5A2,136
IGFBP3,1713
PLAT,241
UBE2C,292
TMEM147,10
LRRC52,2
ALDH1A2,56
RNF150,4
COL1A1,640
HLA-F,55
RITA1,2
IL7R,264
ARHGAP10,8
NTNG1,7
CYYR1,4
IRAK2,26
SERINC2,5
DYDC2,1
HTR3A,17
PTPRB,26
CASP6,94
OTX1,53
NAIF1,8
ADA2,34
SCARA5,38
PRRG2,1
CD8A,195
B4GALNT3,8
CHRNE,11
DCN,336
ASPRV1,0
DNAH14,7
NKAPL,5
DHDH,3
AK8,2
SPDL1,200
AKT3,426
CYP2B6,210
SEC16B,8
THPO,26
SMARCD3,20
PGAP3,19
CD27,875
HUWE1,93
GPC4,24
S100A13,27
FLG,232
NEDD4L,90
COL5A3,10
RIPOR3,4
EHF,84
AQP8,44
OSM,463
TIMELESS,84
NCALD,11
DENND1B,3
DGAT2,34
SRD5A1,79
PIGL,2
HDAC10,54
CEMIP,96
RBP2,52
BCAS4,12
C20orf203,0
SMAD4,2613
TNFSF13B,207
ATP6AP2,36
MYL3,4
NAT2,668
MYO16,7
MBOAT2,6
LRRK1,9
TRMT10C,6
MORN2,3
H2AC8,0
SPC24,14
EVA1C,5
DQX1,2
FAM222A,3
KANK2,6
GJA4,10
ANGPTL2,61
ORM1,45
CDO1,84
TM2D2,0
DCAF13,12
STK4,114
SLC6A12,2
FAIM2,23
CAVIN2,20
GNRHR,153
IFNAR2,56
RLN2,37
SLITRK2,5
MAGI1,32
FREM1,6
BCL6,2512
C2orf50,0
GABBR2,15
FANCB,22
FBXO17,10
TMBIM6,25
SPIB,71
BSPRY,1
LAMA2,42
MEIS2,55
KAT5,128
DIO1,27
HSD17B10,13
IFI30,38
PLPPR1,2
PTK2B,86
CA12,110
ENO1,316
SCEL,24
TBC1D2B,2
RFC5,22
GRIP2,3
EXOC6,3
ME3,54
GREB1,117
TARS2,3
PPEF1,4
PSPN,12
SPN,862
PTAFR,9
ZNF28,1
CAMK1G,2
IGKV2D-40,2
RAB35,20
TRAPPC9,8
ASNS,154
TPX2,260
FNTB,5
FOXK1,72
PHF6,120
PTPRG,74
MRNIP,0
GNPTAB,1
PPFIA2,2
BCL2L1,1888
AGBL4,3
FCAR,4
WTIP,12
FLT4,286
FSHR,202
TLR8,165
CSN1S1,3
TMEM88,11
GGT5,12
GNG13,3
MAP4K4,80
CD96,126
HPR,408
PRG4,13
RFC4,55
ESRRG,75
INKA2,2
CSPG4,140
CCNA2,367
ADORA2A,73
FAM20B,0
CEP41,2
MFSD4B,0
RBM4,30
FAM241B,0
SLC9A7,4
CBX7,94
AGA,2142
CELSR1,22
FFAR2,18
PPP1CA,39
SNAP23,36
RUFY4,0
FLCN,390
IGF2,1451
PTPRJ,78
HSPA6,49
WIF1,315
CLTCL1,7
HNRNPA2B1,176
CD8B,34
DLX5,38
MCPH1,47
TIMP1,2006
ARHGEF7,33
L3MBTL3,4
MAN2A1,10
D2HGDH,19
SLC25A46,0
ERBB4,923
CCDC117,0
NEURL2,0
MAF,734
TDRKH,4
FBXO43,6
CLDN18,202
ATP2A2,47
PRSS23,16
MARCKSL1,25
CCND1,4343
SNCA,129
ARHGAP26,39
EIF4G3,6
TTC28,9
RAVER1,2
MCMBP,4
UGDH,31
FAM107A,35
CCR5,635
SERPINA6,9
DPP3,13
KLHL26,2
RBM17,12
CAPRIN1,30
SHC1,267
ZNF165,8
S1PR1,137
NSMCE4A,0
FOSL2,80
CETN2,14
PIP,847
ANTXR2,26
RAB13,25
SLC2A4,116
ERCC4,163
DENND1C,1
PEX3,13
C6orf15,4
ISLR,16
ZNF681,0
HOXC10,51
NEK7,18
PARD6A,29
CSE1L,85
SCIN,33
ANKRD33B,1
LRIF1,2
TMEM106B,9
ZSCAN32,0
H2BC4,1
KIZ,116
ADCY1,25
QSOX1,33
EPB42,1
CYP1A1,1853
PCNA,5258
RNF183,11
ATMIN,17
RTKN,20
HSPA13,10
NDE1,10
SFTPD,15
CDK15,8
REPS2,12
PENK,46
IGHV3OR16-17,0
STAT6,885
GINS2,51
ADRA1A,19
UBE2N,41
IPO7,22
RPS10,7
CAMK2B,14
FUT2,50
RGS7,7
CLEC5A,19
CACNB1,2
ATPAF2,0
EDC4,8
SERPINA1,138
CTC1,55
BCL2L12,70
SLC9A9,14
BAG5,16
CALU,527
GSPT1,42
BUB1,432
GNG4,21
VTI1B,1
CKAP4,666
TMPRSS2,1123
DPF1,6
TMBIM4,5
DSG3,119
DYRK1A,83
TRIM66,18
CXCL11,287
PSMA5,24
LRRIQ1,0
ADIPOR1,175
LMNB1,53
TRIM36,19
RAB43,6
SOX10,867
KCNA1,25
ENPP3,27
LRRC4,32
APBA2,20
SH2D1A,72
GATA3,1548
ADAM23,37
ZNF449,2
RDX,25
PICK1,12
LMTK3,34
NICN1,2
DTX1,43
DACH1,111
CAVIN1,60
FAM81A,2
LURAP1L,1
PER1,169
CCDC69,8
CAMK2A,20
CCL20,452
ATP1B1,45
TMEM184A,2
TXNDC12,9
DCTN6,4
PTPN1,184
MTA2,84
COBL,7
EYA4,48
PROX1,238
MICU3,3
MYD88,1338
CDK1,2091
ADK,90
KCNK15,11
CASC3,10
HMGCS2,57
ATRNL1,4
CYP2J2,55
GCNT1,14
BUB1B,224
SLC1A4,16
ARR3,6
RPL36A,10
PTGER1,47
SAPCD2,25
SPINT1,102
EPHB3,69
GPR37,20
GBGT1,4
PELI1,19
CFAP144,0
CNTNAP4,5
GRIA2,24
RER1,9
CLCN6,2
MYH2,11
CDKN3,112
PDK2,48
SPAG1,11
LDLRAD3,13
ITPKC,3
GINS4,18
MAP3K9,24
VPS13C,9
CALML3,14
COL21A1,5
HABP4,3
RGS9BP,1
KRTAP10-3,1
CACNB3,3
IGFBP6,158
INHBB,58
ABCB11,48
LILRB4,45
PPP2R3A,9
PRAME,489
MYL9,51
NHEJ1,22
SPSB3,3
UBE2L3,24
KLHL14,7
PPIG,11
DCHS1,5
DNAJC1,9
PDZD11,1
RUNX1T1,466
B3GAT3,4
PYGB,26
XPOT,8
IGHV3-72,2
ALDH1A3,180
AHRR,91
TRIM63,36
POLA2,21
ZDHHC8,4
TOP3B,8
S100P,388
CALM1,29
USP1,82
CAND1,29
NTSR1,77
GPR37L1,6
GAS2L2,4
SAA2,31
CACNG6,1
HOXA6,21
DEPDC1B,31
PAX6,260
KLF11,35
GPR141,1
TUBB,66
SMC3,74
CCDC85A,3
YJU2B,0
PPARG,432
SKA2,23
SKA1,43
MCM3,114
IL2RB,60
GYG1,2
SYT2,7
BCL9,120
QKI,135
AGT,479
TRUB1,2
TTC7A,2
ZNF266,1
RUNDC3A,6
SAR1A,6
ATP5PF,0
LAX1,4
VIPR1,38
LZTS2,20
CHRNB2,6
IGHD,52
NPPA,23
DCDC1,2
ARHGDIB,68
PTOV1,37
GAPDH,1122
BDKRB1,4
COPS7A,4
CCDC185,0
CHRNA6,12
IL3RA,182
DDX19B,7
ARL4A,2
HLX,24
KRT4,28
WDR83OS,0
UROD,11
IL17A,755
CD1E,9
CLEC4E,3
PLA2G10,12
PRC1,297
LLGL2,21
POLR3GL,4
SLCO1C1,6
ALB,1129
TMPRSS4,89
ZNF678,0
NLN,97
OVGP1,17
SLC4A8,2
KIF26B,20
RNH1,23
FCGR1A,29
TLE2,14
CD6,95
HSPA2,48
FAM20C,16
TIPIN,30
LRFN2,8
MED20,7
NECTIN2,82
GARRE1,0
ZP3,7
LYPD6,2
RAB27B,66
NR1I3,28
ELN,490
MAP7,24
FAM124A,0
CEP15,1
WBP1,1
ZNF700,2
MAFF,42
CRYBG1,12
FBXO36,1
CNRIP1,12
TTC3,8
SCG3,14
RIMKLB,6
PAX1,92
AP1M2,8
FGF17,16
ZEB1,2274
PNPLA7,2
HPCAL1,12
RASGRP1,50
NR1H3,89
ARSH,2
DHFR,463
MSANTD7,0
S1PR5,12
MYOT,4
GAD1,21
POLR2J2,1
TAC1,54
IQCB1,4
PHLDA2,24
SYNE1,78
LAMB4,6
PLPP5,6
LMO1,87
RASSF1,1015
MLKL,241
CLBA1,0
CTNNA1,410
USP50,1
IFNA17,10
TGFB1I1,57
SYT7,17
MRPL3,8
KRT27,1
LILRB1,76
LDHAL6B,0
IHO1,0
SPAG4,20
HTR6,4
PCDHGA3,2
TRDN,1
FAM83B,16
LRCH4,3
MNDA,59
IL27,208
CD302,6
ACVRL1,130
STMN1,365
UTS2B,1
MFAP5,35
ZBTB16,169
PROC,18144
CXCL5,346
INMT,11
MRPL13,14
WDR82,4
KCNN4,88
MYO6,32
WDR86,1
GPX8,23
PHYH,3
GATA5,65
TDRD12,1
IDO2,73
CTRB2,5
JAG1,464
PDCD1,5000
ORC1,36
RNF207,2
FHOD1,10
GNRH1,19
RIC3,4
GRP,749
MRPL27,2
BAX,16152
DNAJA1,37
IRAK3,25
MTCL2,0
OSBPL6,1
TDO2,95
NFKBIE,38
VCPIP1,4
ATP5F1B,37
GPR156,1
KANSL1L,2
ABCD4,7
SOX9,838
MIF,924
MRPL51,5
NDC1,11
SLIT1,28
NDP,220
PDE3A,33
BMX,92
CCT2,32
XBP1,581
RSPH9,6
TRIB3,156
CREB3L1,86
FUT7,22
ZNF23,5
MAPK8IP3,7
SIGLEC5,16
PRR4,2
NLRP1,70
RORC,123
CPB1,12
TLL2,5
APOBEC3B,202
H2BC8,0
EDARADD,12
APMAP,6
RAB3C,7
WNT10A,63
COPB2,20
CARTPT,7
ASF1A,20
IKZF3,145
AZIN1,35
AMFR,99
APOF,7
EXOSC8,7
ECE2,12
B3GAT2,3
MCTS1,43
FAM83D,33
RAB36,9
KCNS3,1
PTP4A1,58
SHANK3,9
FOXP4,58
COL28A1,4
SCN3A,11
SNTA1,6
SHH,1971
MAGEA8,10
CYRIA,0
TSN,92
PUS7L,0
DYNLRB1,7
ZFR2,4
UNC45B,0
CRIPT,4
KIF6,0
PPP3CB,11
SKIL,77
LTV1,2
EME1,23
PTGS2,3950
SCG2,34
ZMYND10,43
TREM2,110
IL10RA,36
SLC35E1,2
TRAPPC4,5
KCNJ16,6
CAPG,86
PDZK1IP1,34
RHOF,11
TCEAL2,4
TMPRSS6,18
COL12A1,57
SSX2IP,12
FIBP,7
NUP153,13
CLDN9,20
FOSL1,159
PRSS2,35
PAK6,48
BLNK,72
OTUD7B,29
PUM1,50
RBM47,28
SCAMP3,7
ARHGEF17,10
IBSP,104
MST1,315
SHPK,1
CNIH2,2
GNAZ,15
FZD1,78
PAX9,56
AKR1B15,0
FAM169A,1
TMEM249,0
TLE3,32
SMIM3,3
CNNM4,6
PPP2R2A,74
ZBTB33,44
GALNT6,28
IL19,29
RSPO1,47
SRP72,16
TBX18,8
KCNJ10,16
LAG3,1151
MMP16,86
CAMK1,18
FAAP24,4
EPHA5,78
GPAT4,2
TRIM69,7
AGRN,27
TNFSF12,99
RBBP8,72
P4HB,70
FGF11,15
CAPSL,0
LDAF1,0
MADCAM1,50
KRTAP10-7,0
SERPING1,31
RBM33,3
SLC25A25,3
ECHDC2,4
GALNT4,7
RGMA,21
GOLM1,196
KRT32,1
GPR39,21
SCN4B,11
NELL2,30
ITGA7,45
TNFAIP6,48
ITGA2,136
CDCA2,33
SC5D,4
CSPG5,5
ST14,81
ZNF300,10
NOL11,1
EYA1,37
FLT1,719
AMY2B,9
KCNC2,2
IGKV1-33,3
LDLRAP1,10
HSD17B3,32
MIB1,3671
BICC1,19
MERTK,227
KAT2B,39
FBLN1,41
GPR171,6
INPP5E,9
BMP3,71
WLS,84
CADM2,30
LRRC8E,4
DNAJB4,27
CELF2,45
PDZD2,16
PLS1,7
TRAF4,93
EPHA8,24
STX16,3
C8orf74,0
ESM1,137
DPY19L2,2
B4GALT6,1
C4orf19,5
PSMD2,54
HCAR2,21
IL1RL1,124
PCBP2,54
ARID5A,9
CD3G,35
SLITRK5,7
SCN11A,5
AGMAT,8
BABAM1,13
SH2D3C,8
ALS2CL,2
SPDYE3,0
BST1,12
PLXNA4,12
MEF2B,54
FANK1,3
PRRG4,7
PRKG1,20
KRTCAP2,3
CASP8,2159
KLKB1,10
HRK,90
PTGIR,9
CCN3,94
ROMO1,27
LSMEM1,2
GID8,3
NACAD,2
RIGI,241
BAIAP2L1,23
MUCL1,20
PMM1,0
SYNPO,12
COX17,8
LAMA5,34
GABARAP,58
OTULINL,0
KDM4A,121
PDLIM2,39
TMEM255A,1
CORIN,25
GABRQ,3
SLC28A3,33
CCNL1,16
KIF2C,115
LDHD,18
TNFSF4,73
CENPA,137
PXMP2,5
RRP8,3
CADM4,17
PRPF18,1
KCNJ5,178
PECAM1,251
MAEL,31
EVPL,15
COL5A2,99
DLK1,242
TSTD3,0
HBS1L,8
MYB,1497
QPRT,19
FRMPD4,1
KIF18A,55
LTB4R,27
NDST3,2
ETV3,11
GDF10,25
CYP7A1,48
ITGBL1,23
MEOX1,13
FAM110D,1
ARL11,30
FANCI,145
BAD,7722
TUBAL3,1
CHKA,77
IGF1,3737
ESR1,3392
DEPDC1,65
CCT3,45
TXN,183
FOXP2,46
NRIP2,2
GRAP,13
CBLN4,4
MAP3K21,10
TEN1,16
USP11,50
FAXDC2,1
DHRS4L2,2
TYMS,469
SPATA24,0
RPS3A,11
CFAP77,0
RPS23,9
HSP90AA1,199
PAX3,651
MFNG,13
DSCC1,13
FLI1,1167
TUFT1,23
SGPP2,5
GPAT3,5
KLF6,235
BRD3,134
KCNT2,5
MAL,5509
ATP1A4,3
VSTM2A,9
PPP1R16B,10
RIMS2,11
TIMM23B,0
CLVS2,0
ADGRB2,3
NAA10,57
CTSS,58
HMGN4,5
EXOC2,22
ARSD,9
RGS7BP,0
LEO1,9
SMG8,1
JAKMIP2,1
HNRNPUL2,2
ZAN,199
CYP4X1,4
SYT3,1
COL22A1,12
P2RX1,9
HSPB7,10
COL23A1,8
CST6,62
KIF15,55
NUP205,13
HBB,104
KRT79,1
IL12RB1,25
PROM1,1727
GIMAP8,4
ALG1,5
GCSH,34
LRAT,26
NPIPA1,0
MTNAP1,0
NLRP2,24
CD1B,43
FZD8,52
TMEM79,6
PCSK1N,1
PLA2G5,10
CNTN4,14
MRPS30,19
RASSF10,37
HSPB6,32
ZNF556,1
B4GALT5,14
ADGRG3,2
SSTR3,133
CPSF2,6
SEMA3E,33
ABCB5,148
ASPSCR1,104
FBN2,39
MYL4,1
ELOVL3,5
NSMCE2,15
ACOXL,9
SCRN2,0
MYL2,12
PIGT,7
TRMT9B,2
TSPAN1,56
ASXL3,21
GAL,2893
NAALAD2,3
PLAUR,877
NLGN1,8
FOXO6,32
AEN,24
CLK4,7
DNAI7,0
NR4A3,190
ACP5,74
ACTL6A,44
PTPN21,17
CRB3,95
AMT,369
CFP,169
SFTPA2,25
SLC27A2,12
ZBTB9,2
RGPD8,1
CELF3,3
WASF1,28
PKLR,30
PPP2R5A,18
KL,1456
HBA2,17
LONP1,30
BMP8B,11
TCF7L2,455
RAB3IL1,1
P2RY12,24
SIK1,42
CD2AP,26
ITGB1BP1,20
CDH7,8
DLX6,66
CST4,10
RET,5496
SUN1,23
ITGB4,159
INHBA,159
LRATD2,12
TMEM92,7
FBXO28,7
PGAM5,35
HNF4G,29
TPRN,3
KIF5A,13
CCNL2,9
CFAP410,1
SLC44A4,23
RAD51C,394
PI3,1990
NIPSNAP3B,0
SOD3,93
TACR1,36
SIX4,33
SCAND1,4
ZNF214,0
GALR1,43
OMG,186
FLNA,193
MIEN1,33
HCN4,4
PTK7,135
EHD2,32
NPTXR,7
PRKD1,43
HEATR6,3
HERC3,9
SLURP1,25
VPS35,19
DDI1,1
CYBB,135
ZNF223,2
SULT1A3,18
KRT18,129
HLA-DPB1,155
TGFB2,212
NRG3,26
FGF7,237
SNPH,12
DNAAF8,0
LRGUK,0
FAM120A,8
TOM1L1,14
SAMD9,45
CCDC33,1
KCTD13,1
DAPK2,40
RIPK2,65
UGT8,15
SIN3A,117
G0S2,45
TOP2A,889
ACTA2,587
MICOS10,0
BMP4,515
C4B,147
STXBP3,2
CD274,7599
DTYMK,21
DST,731
RRAGC,14
RPS6KA3,22
MAOA,170
ATF6,371
GPM6B,13
CFAP52,2
CCN1,293
GZMA,120
P4HA3,27
ZNF805,0
METTL3,746
VEGFD,579
KLHL36,1
DCTN2,11
DCC,1306
CYP17A1,372
NLRP5,7
TP53BP2,93
CD58,364
COA6,9
FANCG,73
CREB5,31
F2RL1,56
ATP6V0E2,2
RASSF4,21
UTP23,9
NXF1,18
SEPTIN6,12
POP5,1
SOCS6,44
SULF2,93
APOC2,30
RAB5A,66
LPCAT4,6
DNAH11,11
NR1H4,36
PCDHGA7,1
CLEC4A,10
MED29,5
S100A8,415
C2orf88,0
KLHL33,1
NPDC1,4
TRMT1L,4
BDNF,682
AKR1B10,179
ABLIM2,3
PHLDB2,14
KPNA2,157
ANGPT1,219
CENPN,20
HELLS,61
TRIM37,49
MREG,11
DYNC2I2,1
VIP,4720
MGAT1,18
CISD2,33
SPDYE2,1
ALDH3B2,11
MAB21L1,2
MSH2,3945
B3GALNT2,4
DPP6,27
DNAAF5,0
GALT,153
MCM6,109
PCDHGA4,2
SEMA6C,4
COX6A1,5
PLIN1,25
ANKRD2,8
RACGAP1,98
RABL2A,2
UBE2E1,14
PREX2,67
GALNT5,9
TNFAIP1,24
CXCR4,4417
KDM1B,22
ZFP30,0
RIC1,3
NLK,105
MED17,6
TAGLN,213
HMMR,149
C7,1109
CDC25C,713
PDCL3,4
RAB40A,0
FERMT1,51
RGS4,45
HLA-G,666
HIF3A,47
KLF16,17
CAPNS2,0
PAQR5,5
LPAR5,39
PRICKLE4,1
OSR2,12
JPH3,7
C2CD4B,3
CD163,1718
IL32,137
SHROOM3,5
TDRD1,24
FXYD6,16
NDUFS7,5
ENAM,110
HOMER1,15
ARL3,3
MRPS12,3
MICAL2,16
CAPN11,0
CD79A,930
CHST8,0
DYNLT5,0
KIF17,2
ESCO2,19
ACTN3,6
BACH2,79
CTRB1,6
CFAP298,0
SMIM24,1
SLC19A2,50
ACSL3,54
CDC14B,17
ASCL1,401
ANP32A,29
NUAK2,32
MEOX2,36
CP,12690
USP6,141
SPP1,1050
FXYD1,3
CSDC2,4
TNIK,54
CFAP74,0
SLAMF6,23
HSH2D,6
PDE3B,26
EBLN2,3
CTNNBIP1,56
SFXN5,1
CFAP206,0
EIF3B,38
PALM,1250
GBP5,24
HAUS4,2
CYP4F8,5
TRAPPC6A,0
MYZAP,0
ZNF703,65
BTAF1,1
GPR18,12
C11orf98,1
AFF3,33
EXO1,192
ABCD2,6
NCAPG,83
ADAM12,176
C5orf46,2
PTPRN,19
RALGDS,66
NKG7,28
SYMPK,10
NR3C2,51
UGT3A2,1
AFAP1,120
KCNQ5,14
PRPF19,25
LIMK1,161
KCNAB3,1
DDX3Y,24
PPP1R42,0
IL15,1191
SNCG,120
KRT86,1
GFOD1,2
PLA2G2D,15
CYTH3,3
DENR,10
ENO4,1
TMTC3,6
CDR2,198
BSCL2,8
TEX9,3
LRRC46,3
FBXO31,29
KPNA7,5
LRP2,34
RUVBL2,50
BRCA1,16488
CD68,4245
EARS2,2
RPS15A,29
VPS13A,9
LRRC4C,5
PLOD1,28
ATP5PO,0
PARVB,20
NMT2,12
NDUFA4L2,26
MAP1B,68
CTSV,27
ERP27,5
BCL2L15,20
DNAJA4,7
SYTL2,10
PPBP,51
NLRP7,90
STON2,6
IL22RA2,11
ARTN,41
TSKS,3
TIPRL,11
CAT,6403
CAMK2N1,28
OBI1,1
TCN2,17
GPR55,52
ADAMTSL4,8
PRKN,34
SAG,348
SCIMP,1
IGF2BP2,306
TIMM23,7
RNF125,8
JPH2,3
ACSS1,12
RUBCN,16
DNAI3,1
STOX2,2
MATR3,24
SLC23A3,1
P2RX2,4
IMMT,25
IL33,356
MAP1LC3B,426
MYH8,9
FZD5,66
SET,59676
IL11RA,52
ANGPTL8,24
CNTF,89
CRABP1,84
BPIFA1,53
PPARGC1A,313
PARP1,2689
UGCG,27
SPC25,29
GABRE,28
MYOC,11
NCAPD3,8
IRF9,94
NAXE,4
CXCL17,46
GDF9,51
RCAN3,8
MAP3K12,8
DSC3,53
NUDT1,42
NPIPB6,0
PLEKHA6,6
CCDC17,1
THRSP,20
PTPRF,45
GJB1,9
LAMB1,50
SLC27A1,8
HEBP2,5
CAMK4,23
SDHAF2,125
IFT22,0
SYT9,4
KLF4,1062
PYCARD,131
NUP155,10
SNX2,13
CDC25A,567
FRMD7,2
MAPK13,53
PPP4C,12
RCHY1,41
ZNF586,1
MDC1,150
WNT11,103
GUCY2D,0
LPGAT1,3
CRAMP1,2
UBE2V1,17
LRPPRC,58
NUPR1,153
DNAJC12,12
NFAM1,4
KCNK17,5
BICDL1,0
OR2W3,1
SLC35F2,14
WNT16,46
CDA,897
SLC38A1,37
ASCL2,66
FCRL3,17
HSP90AB1,108
ZPLD1,2
PDIA4,33
HPX,33
MOAP1,16
RCN1,31
PSD4,6
DAPK3,30
INPPL1,74
ARL6IP4,1
IDO1,774
AP4B1,2
MT-ND3,14
PRCD,2
NEURL1,8
DHRS3,18
CAPZB,9
ING2,48
ZNF138,1
FCMR,18
CD1A,998
PPP3CA,26
PROK2,33
COA3,2
ADAMTS4,50
LIN37,3
CD84,23
SEMA3A,128
SCAMP1,10
CLGN,6
NACA2,0
MT-CO2,14
PIF1,15
PTPN7,8
DNAAF4,3
SCN4A,9
TCL1A,199
MME,200
LYPD6B,2
NDRG1,410
CCNB2,211
EXOSC6,2
PKN3,13
VAMP2,32
HEXD,0
BMP2,615
H2AC11,1
CCR3,140
UBA2,41
MYCT1,24
ABHD2,11
DLL4,297
MT1A,54
CEP350,4
HSF2BP,2
CPT1B,37
GRK5,36
UPRT,52
CLDN7,157
STT3B,6
ACOT7,12
CPLX2,8
CTTNBP2,8
RELB,306
CUBN,19
LANCL2,7
FHL1,72
MCOLN1,32
SRD5A3,14
STK26,22
TLR7,506
ZNF396,3
GEMIN6,1
HUS1B,6
RASIP1,6
ITGA1,50
TXNL1,12
RHNO1,5
EPCAM,2786
CD19,6772
INCENP,41
TNIP3,5
FN1,738
DAND5,4
MIX23,0
DPYSL2,14
SCN9A,29
ENTPD5,32
DLL1,110
KDM6A,311
MTHFS,12
TONSL,11
NPAS4,1
HRH2,16
MUC5AC,1125
CDH2,573
BBS1,7
ITIH2,17
ALKAL2,8
PRR11,44
MXRA7,2
PAPSS1,14
CNTNAP2,62
HGH1,5
OLFM1,9
IQSEC3,2
LAMP3,96
ACCS,540
RAP2A,37
NEO1,18
CFAP53,1
ADGRF5,13
HDHD2,0
LIME1,5
LPXN,21
KIF11,263
MRPL53,3
PBK,166
PLCL2,5
HES5,75
CACNA1G,110
CKAP2,34
CORO2A,5
DLGAP1,40
SRSF5,22
STRBP,3
NHLRC1,3
KIRREL3,4
TSFM,4
C1QTNF9,1
FARS2,3
MT-ND4,13
ATP8B1,14
ALAS2,12
ASTN1,9
PDLIM4,33
MRAP2,3
RPL9,7
DUSP13B,1
MT-ND1,20
AOC3,42
CBLB,127
RGS20,11
GRM4,15
WWC1,41
F12,280
SKA3,53
MYH1,11
CFAP276,0
ARMT1,2
ADCY3,15
NCK2,14
ARRB1,70
OTUD7A,5
UPK3A,32
UQCRHL,0
PIWIL4,32
SORL1,25
PSMA2,16
JADE3,4
HOOK1,20
REXO1,1
USH1C,6
GHR,205
MYO5B,18
FYB1,4
DPP10,19
POLE3,6
CPLX1,1
CEACAM6,178
CHPF,27
LAT,1216
TLL1,12
FAM217B,0
CCPG1,10
ZNF57,1
CLEC17A,6
THEMIS,27
KTN1,27
ALDH18A1,25
VTCN1,227
DDX19A,4
PCDHA13,3
RUSC2,4
IGFN1,10
MUC12,35
NELL1,32
HOXD1,31
ILDR2,2
MCL1,3971
FH,1751
ETFB,4
PDE8A,13
CDK5RAP3,28
MAGT1,30
PXDC1,0
ADAMTS5,56
CCN4,100
COMMD5,4
PCCB,14
SLC39A14,17
TSACC,0
BARD1,446
SGO2,7
EDNRB,129
CKAP5,22
RAD51,1769
KLK2,146
MTBP,29
CLEC14A,19
DCP1A,18
STAT3,12354
CCDC138,0
RBBP5,27
PKHD1,51
DCAF7,7
BMF,246
UTP25,2
SPA17,54
PCDHA11,2
CFLAR,517
LGALS3BP,149
TJP2,27
SOX18,70
GSKIP,19
APOD,260
TARS1,6
CCDC87,0
HPRT1,104
CLN3,22
PTGIS,37
APOA2,44
TNS1,45
EGFL7,93
UCP1,68
PRODH,41
NEDD8,305
LCN15,1
PTPRA,44
TMOD1,12
LGALS4,34
BMAL2,14
MARCHF10,0
MCEMP1,2
ZNF260,0
ACVR1C,31
CLPS,36
RGS6,18
KLK12,28
MSR1,145
CETN1,4
NPR1,17
ATG9A,32
EPSTI1,19
SCN5A,57
EPS8,76
KRTAP10-11,0
DNAI1,3
ADO,1017
GPR182,4
ALDH2,460
TEX11,4
TNNI3K,1
CASK,16
PAFAH1B3,12
SH3BGRL,12
CENPE,93
ALPK3,1
ACP3,2
CD2,1850
SETX,10
REELD1,0
WDFY1,4
ZSWIM4,4
CHST5,2
PSMA6,14
RTN2,5
MECP2,183
SEC11C,3
PPP2R2C,17
CKS1B,135
DOCK6,11
NEIL3,40
SLC25A5,15
MRPS35,2
EIF4A1,57
SPATA25,0
CD86,1392
MAD2L1BP,11
CLSTN2,1
PLXNB3,14
ARRDC2,0
ZNF737,1
BCL2L14,18
EFR3A,4
LRP6,270
CSNK1E,35
ARHGEF10,12
MMP7,1400
PTPRS,38
UNC13A,2
TACC1,61
ARF4,15
CNOT6L,4
CRP,5263
FMN1,11
ELAVL4,69
DDAH1,24
MSH5,30
FGF22,10
HSD17B2,72
MSH6,2177
CCR2,593
PTPA,18
SMAD9,29
TLR9,720
SUMF1,6
EN1,69
DDX47,4
CDH13,235
KRT6C,26
ORAI1,208
F3,1413
SYNE3,5
PFKFB4,78
CKS2,83
FOXN1,58
ATP2A3,26
COCH,35
EMID1,3
MCF2L,18
EIF1AD,0
ZNHIT1,5
DNAL4,0
ASF1B,37
VRK1,45
TCEA3,5
RNF31,28
LTB4R2,33
PXYLP1,1
PSMD12,10
KIF3B,15
GLUL,53
ST3GAL3,21
CAPN3,10
H2BC6,0
PFKFB3,214
CD5,3637
TRPM7,141
DPYS,30
MLPH,29
CETN3,4
RHOU,36
SLC12A3,15
FNDC10,0
LEAP2,5
NOS2,867
KNL1,27
ADGRD1,9
RAB11FIP1,21
ZNF727,0
INTS13,2
KITLG,100
CEL,833
FIGN,7
RASL10A,4
IL1B,928
PCSK6,56
ETS2,254
DHX32,10
IFRD1,9
TUBB6,18
PCDHGB2,1
DUSP7,19
RBP1,81
NR1D1,61
SOWAHB,2
TCF7,173
DIRAS1,11
RSPH3,2
C17orf58,0
TREX1,46
PILRA,4
TIAL1,28
CCL4,611
APELA,9
CFAP70,0
AGR2,249
NPNT,11
DET1,9
KLC1,15
GSR,94
CAMTA1,112
FLNB,30
NTN5,0
PDCL,33
ZFP64,17
LILRB5,2
POLR2D,6
TRIM52,12
RMI2,23
CLPSL1,0
PLK4,153
GCH1,44
EGLN1,156
EBF3,29
PEX5L,2
SGSM3,8
MOCS2,1
SLC25A22,5
INO80B,4
SUSD2,30
PATZ1,62
MRC1,81
SPRY1,69
MYO5C,2
CDK5R1,19
SAV1,56
PJA2,14
DNMT1,1567
CD48,136
SLC11A2,13
CCDC9B,1
PRRC1,1
KCNK1,11
GAB3,7
VAX2,3
PLAAT1,5
RBFOX3,13
IQCJ-SCHIP1,0
NTS,317
PTH1R,58
ATP2A1,16
RNF157,4
CYP24A1,281
RPS6KA1,92
PRAP1,3
EPPK1,15
H2BC9,1
ARRB2,57
IPO4,10
MRPL24,1
MTCL3,0
HLA-DQB2,10
ZSCAN1,5
ZNF184,2
RPL26,12
SIGMAR1,15
PVALB,8
NEURL4,3
CLNS1A,8
HLA-DRA,80
CPM,988
AURKB,571
PTPRR,25
NR0B1,89
CLDN14,8
MASP1,18
MCOLN3,3
TRPV2,69
SRD5A2,194
NTF4,9
GBA1,18
STAC,18
CHN2,16
TSPAN4,12
BCAN,69
NT5C1B,1
MAPK8IP1,30
DSG1,66
HEPACAM,58
SLC9A5,2
BGLAP,20
DLX2,38
MLYCD,5
CORO7,5
SARNP,8
TMCO1,6
FBXO45,25
PRH1,1
KCNK2,9
STX17,27
CEP55,154
CAMP,6431
PARM1,8
MAMLD1,21
COMP,1137
CLEC2B,32
SECISBP2,6
YJEFN3,1
DNAH3,3
RSAD2,27
RUNX2,701
CDH3,110
NRAP,3
BANP,25
MMRN2,12
VGLL1,18
ID4,196
NOL4,14
S100A7,166
PKP3,46
CCNP,7
UBE2T,84
GABRD,17
MSI1,178
IGFBP2,638
KCND2,11
NXF3,5
CRHR2,24
DNAH10,3
TLE1,178
GOLIM4,5
APP,1968
SIDT1,4
KCNMB1,1
DNAJC5,5
SPR,731
EMC3,2
ZNF732,1
C2CD4A,5
ACAN,43
EMB,156
GNS,185
LCP1,39
XAF1,135
KRT80,22
ZNF709,0
SUPT4H1,5
H4C11,1
LGALS9C,1
SLC1A1,24
XRCC2,218
PTCH2,85
SOCS3,520
SYAP1,4
NHERF4,1
GEMIN7,2
TFF1,747
ALOX15,74
PTX3,206
A2M,94
LRRTM2,0
SEC63,41
POLD4,12
SIGLEC15,76
BUB3,80
FAM83H,49
IFFO1,4
ADRA2C,13
IGFLR1,3
TENT5C,21
SLC12A1,15
SMC1B,10
ARHGAP8,7
ZFPM2,53
S100A11,150
PET100,5
CCDC68,3
PRUNE2,33
PCBP3,5
POP1,18
FMR1,101
SEMA6A,24
VAMP5,3
SLC31A2,18
IFI44L,23
KAT2A,60
KCNE1,12
CLTC,74
KRT17,120
TICRR,7
ATP6V1B1,8
SLC6A15,10
H3C10,1
EHBP1L1,2
HLA-DQA2,7
GBE1,15
NANOG,1933
FBXO2,8
RIT1,33
POLN,11
ABLIM1,11
LIG3,50
ICAM1,2260
ADAMTS10,3
AR,23280
AFTPH,1
WSB1,27
PLEKHG4,2
TFAP2B,54
ZFPL1,5
PTRH1,1
HSBP1,22
RGL3,3
MUC2,1358
FAM3B,17
EGFLAM,9
CD52,488
RPS6KA2,28
TMEM209,3
BOLA1,3
FBP1,151
CHTOP,5
SERPINA3,68
KLRG2,5
PNPT1,19
MUC3A,28
XPR1,16
OLR1,85
VWF,649
TERT,5026
S100A14,65
SULT1A2,32
PIM2,174
CBX2,76
OBP2A,5
KRT14,168
AKNAD1,3
NMNAT1,11
BORA,381
YWHAB,38
TTBK2,9
EFCAB13,1
ALYREF,39
DARS2,15
TMEFF2,104
ALX4,53
GNAT2,2
MICU1,22
FFAR3,8
LHX6,24
KANK4,4
FOXQ1,114
MTURN,3
KLHL20,11
NIPSNAP1,3
FRMD4A,5
DUS3L,0
EPHA4,94
RAF1,1083
GRIA1,15
ADORA1,30
RAB4B,6
CDCP1,147
SDS,3698
AGO3,11
MTCP1,39
DYNC1H1,17
NKX6-1,38
CHRDL1,29
ZNF662,4
WIPI1,18
SCTR,22
ANKS1B,10
ACY3,4
KIAA1614,1
UGGT1,4
CD22,1464
MCM2,487
BPIFB1,15
ANK2,20
FOXN3,42
DCLRE1A,4
MAP1LC3C,24
MRPL58,12
MAL2,55
TIGIT,758
H4C16,0
ACSF3,2
FMC1,5
CD80,1301
SNAI1,1616
CDS1,14
ZNF334,6
SFRP5,123
PCSK9,126
MED18,4
PNRC1,6
WSB2,7
UBASH3A,3
KCNIP3,27
MMP12,250
FBLIM1,17
ADH4,38
MAST1,15
MAPKAPK2,72
SLFN12L,5
ANKRD13A,3
SCAMP5,3
NODAL,34106
DBF4,36
TNNT1,23
ZP1,6
NECTIN3,17
ERP29,47
BTNL9,13
PDP1,16
TRIM28,172
CCNE1,742
DDX3X,201
PLEKHG1,2
B4GALT1,37
RHCG,25
TBKBP1,2
GEM,2254
CATSPER1,2
S1PR3,34
INSL6,3
NLGN2,2
AKT2,710
PRIMA1,88
EHMT2,203
MMP10,238
ZBED3,11
PPP3CC,9
DYNLRB2,4
SPAG5,61
ZNF696,1
TNFRSF10D,92
SEPTIN3,0
WNT2,173
ZNF629,0
NPHP1,7
CCDC34,8
GPBAR1,47
POMK,2
WNK4,9
CNGA1,0
FAM209A,0
UPK3BL1,0
ALPL,47
GGH,116
CPNE7,6
SLX4IP,11
LTK,75
TRERF1,6
ELMOD2,0
CELSR3,23
CYB5R1,4
CTDNEP1,3
GTF3C1,4
CRYM,10
GLDC,36
CTR9,17
GRM8,8
C5AR2,7
HP,12904
WFDC2,509
CDCA5,81
TIE1,97
WDR72,12
DNAAF9,0
SLC7A13,1
VMP1,51
DDIT3,836
RABIF,7
RGCC,45
PWWP3B,1
TIMMDC1,4
FZR1,44
KRT81,28
TUBB4B,6
SYK,936
TGFBR1,417
CDK12,313
ENO2,85
CNN1,26
MRPL47,2
SHMT2,97
GLI1,1672
NFATC4,19
CXCL9,601
SHMT1,113
KLHL35,4
CHRNA7,102
CELF5,0
DCTPP1,17
PDE8B,27
SNAPC3,1
CTIF,1
AQP7,28
TXNDC5,37
MRPS24,0
KBTBD7,5
KIF24,5
CACNB2,10
ROPN1B,3
SPRING1,0
F10,819
POU3F2,56
TMEM123,3
UMOD,57
RORA,128
E2F7,117
CIAO1,3
KIT,21516
HPSE,142
FABP5,175
FREM2,9
AOC1,6
CNR2,49
PCM1,79
DCAF10,2
BCAP29,3
EMILIN2,20
ADGRB3,15
DBNDD1,1
LRG1,112
LIN9,24
ETS1,741
ACTC1,23
TRIM72,8
EPN3,9
ARHGAP23,2
SHISA8,0
FAM43A,2
MATN3,19
APOBR,2
RBM6,18
NEU1,46
HMG20B,13
VWCE,16
F2RL3,22
AP2M1,17
PARPBP,21
AKR1C2,117
RFWD3,10
KIF7,13
MAST2,9
RAB30,6
CSNK2B,12
HOXB13,337
IGSF5,4
PXMP4,5
MMEL1,1
CD164,30
MYOCD,16
TPI1,53
KCTD12,23
GPT,484
GDI2,22
PLEKHG5,9
PROCR,65
PSMG1,3
TUBA3D,4
ZNF253,1
SAMM50,3
CELF4,10
ZBP1,46
LAMC3,10
LONRF1,1
PUM2,23
PSMA1,34
BAMBI,93
ITGA9,49
NRP1,556
CD33,2313
MARK2,48
TNNI2,7
FHIP1A,0
FHDC1,4
MAP3K8,131
ISM1,11
NGEF,7
GUCA1B,0
MMP20,31
ARSG,1
ELFN2,3
H1-6,2
AARD,9
TESMIN,4
STBD1,5
SLC9A2,14
PFN2,36
ZNF10,5
RBPJ,180
PTCH1,1041
RNF138,11
RTEL1,79
FBXO16,3
PLA2G6,42
ACVR1B,47
FBLN2,28
KLHDC1,0
RNASEH2A,24
PGRMC2,18
PLEKHF2,1
GNG11,21
DCD,245
MYOD1,439
SENP3,37
PPM1A,30
GALNT7,28
NUP62CL,1
NR2C1,11
ZNF333,1
CYP4A11,25
SORCS3,5
IFT80,4
KIF20A,147
ATP5MC1,0
CYP19A1,405
RSPH1,1
HSD17B13,32
DCX,82
DHTKD1,3
MDP1,3
EBNA1BP2,11
MOB4,1
CARD11,237
SNRPE,13
CCL7,115
PTRH2,6
SERPINB5,91
EFNA4,17
PLOD3,35
GNAQ,508
MEAF6,23
SERPINA4,7
PDGFRA,1984
CIT,767
NXPH1,8
TUT1,8
IL15RA,67
ROCK2,232
KNOP1,1
NCAPD2,11
TUBGCP6,3
IL9R,45
H2AZ1,3
STK3,89
MMP11,277
HNF1A,378
IGF2BP3,515
SNRPD1,16
PJVK,9
ARFGEF1,10
PRKAR1A,446
H2BC12,1
TIMD4,25
POTEI,1
PARS2,2
PAFAH2,2
L3MBTL1,15
SPATA7,3
CYRIB,6
GSTP1,2167
C1orf43,2
BRCC3,28
TET2,1412
ASPHD2,0
CPB2,10
GIPC2,17
CYTIP,5
FLYWCH1,2
G3BP2,38
RBM5,64
PNLIPRP3,1
SUGP1,9
GMDS,23
KRTAP26-1,1
CRLF1,9
HES6,37
OAS2,31
IL1RL2,5
LRRC73,0
THSD4,9
TLR5,149
TREM1,96
UBC,1748
ZNF772,1
MINDY3,2
SIAH2,82
ENKUR,5
CREBZF,11
SPOPL,4
GBP3,8
GFER,26
EPB41L2,12
OR7C1,2
GIMAP1,6
CCDC183,5
GRIK2,22
ATP6V0A2,7
EIF2AK1,7
RRAS,72
WDR76,9
HBEGF,425
BASP1,39
PDE6G,1
LYZ,51
GNAO1,23
TNFRSF8,30
PTPRN2,31
FMN2,25
TPGS1,0
SLC26A9,5
PTPN6,316
FCHSD1,0
TNFAIP2,40
TRIB1,69
CSF3,49
HSPD1,113
PBX4,4
HADHA,21
IKZF1,756
CPA1,16
PLPP4,4
ZNF544,2
SPTBN2,12
TNFAIP8L2,57
ZBTB3,1
PIGC,6
GET4,5
KRAS,19422
THOC2,3
BCL2,31394
BMAL1,213
PYDC1,1
CRYBG3,4
GUK1,4
POLR1G,23
EREG,213
TBC1D1,5
DMGDH,4
TBX15,24
DRP2,1
TTC1,2
CPA6,7
NECTIN4,180
AP2B1,6
OBSL1,3
ATP1A2,13
UPK1A,25
HOXB1,14
PTGFR,13
PSAT1,104
PDS5B,27
KRT16,52
ZDHHC17,7
CAMK2D,10
SLC25A21,17
PEX5,11
PABPC1,89
ZNF625,1
ANK3,23
DEAF1,10
TMEM254,1
VCAN,259
IL12B,104
ZNF429,0
SERPINA12,25
CTHRC1,118
ALDH1A1,978
FCGR3A,221
GPR4,31
ACVR2A,50
ZNF296,2
BRME1,2
RPL39L,7
PCLO,29
NUP210,17
TOX2,20
KLHL40,1
TAPBP,14
HNRNPF,20
PDIK1L,2
RIMS1,8
INSRR,4
BST2,97
ADAR,258
EMC4,0
MTDH,455
TSPAN7,19
ACTG2,36
IQCG,4
SHROOM1,2
OBP2B,1
WFIKKN2,4
CLDN16,8
SFXN1,12
DAAM2,16
RGL1,8
NPAS1,2
PRRT2,9
CYGB,58
SLC9A1,141
TNFSF15,71
SPEG,11
GABRA2,5
SYDE1,2
CADM1,270
TRIL,7
DYNLT1,5
PLSCR4,3
PCDHA10,1
KBTBD6,2
GGT1,40
GDNF,320
ODAD2,3
PITPNM2,3
MISP,35
ITGA8,17
METTL17,2
CIMIP2C,0
ARMC12,1
RNASE7,5
NTF3,16
POU5F1,1058
GZMK,54
PHKA2,3
GAMT,14
SMC2,27
PPFIA1,34
ZNF724,1
DNAH5,19
ERBB3,1497
HENMT1,7
BRD9,64
SERPINF2,7
ACSL4,206
KCNB1,15
RBM12B,4
RBMS2,7
MEIS1,322
MYCL,76
NID1,28
ADNP,25
DBNL,8
CLCA2,32
VAPA,42
GTF2IRD2B,2
AK1,37
SPTLC2,13
SCARA3,13
NMUR1,10
PDZK1,47
ICAM3,74
EPB41,10
SPAG8,5
ADRA2B,9
STAP2,12
RAMACL,0
ELMO1,34
TMEM14A,4
LTBP4,22
HSPB9,1
MYBL1,123
PADI2,41
CNOT6,10
TBC1D9,7
GLYAT,4
STARD7,9
PCDH8,33
CA9,1361
DRAXIN,1
ACKR1,51
GIMAP5,7
SMYD3,129
CNTFR,21
ATP5MG,0
FBXL8,5
ESR2,344
NDUFV2,7
GCAT,161
TNFAIP3,363
CUTC,0
ARHGAP35,44
MBOAT7,33
STK32A,5
GRIK3,6
CYP2S1,20
ULBP1,121
MTCL1,3
FGFR2,1532
ENPEP,16
PHF1,93
ABCD3,18
PFKFB1,18
SCARF1,5
PIEZO1,78
TMED9,4
CCNB1,1061
PLTP,22
CA14,9
TTC39A,2
PHF14,11
PDK4,118
PDGFC,92
CALR,570
CRISP3,41
ACOT4,3
SHC4,15
GM2A,10
NDUFAF6,5
GPRC5C,8
GPSM2,21
PEAR1,5
LHPP,46
BCKDHA,8
MPV17L2,2
CRIM1,20
TLR6,83
CLK3,9
ZNF572,0
ESRP1,114
DZIP1L,5
LIX1L,2
TRPV5,17
UBA5,13
AP1S3,5
PREX1,68
PC,25510
KCNMA1,67
EZR,90
DNAAF3,2
STX11,6
DLGAP3,2
ATRN,9
COL27A1,5
CCBE1,27
GPR68,41
REST,11539
TNK2,80
NDN,54
KIF18B,36
CSAD,8
ULBP3,69
GNG10,4
IGSF3,8
GPRIN2,7
RBM24,21
FBXO6,14
FANCD2,336
COPS7B,5
ABAT,36
TK1,301
FIGNL1,8
CBLN1,5
H2BC13,0
MSI2,126
SARDH,15
HSD17B6,15
LMAN2,5
IGHV3OR16-9,0
AQP3,167
SPCS1,4
LGALS12,8
RAMP1,26
N4BP3,3
FHL2,105
B2M,541
LCT,317
GRIN2D,15
SLC8A2,5
PGM5,28
JOSD2,7
SLC25A27,7
XK,116
PRELP,18
EBF2,11
OPN4,9
KRT37,1
ZBTB18,18
PRKAA2,67
MMRN1,14
PIP4K2C,15
IL23A,64
MFGE8,71
CBLIF,0
ACTG1,38
SNRK,8
RPA3,38
MOCS1,0
SMTNL2,3
UNC5C,38
MARCHF6,4
CLIC6,9
PTBP3,22
ZFP69B,1
HAP1,46
SIRPA,203
GOT2,46
TSTD1,3
CEBPD,87
CREB3L4,20
INHBE,17
DRC1,32
BLTP1,0
SMAD1,336
ZYX,60
F2,1481
ATF1,376
NPHP3,6
GPR158,10
RASEF,9
IL1RAPL2,4
HASPIN,26
RIOX1,8
PLCE1,113
SLFN11,97
JAG2,98
MRPL46,0
CLASRP,3
AHCY,36
RAB11FIP4,8
SLC5A8,59
CHIT1,13
MDGA2,6
TOPORS,16
ETV4,272
DCUN1D3,2
CCNF,35
H2BC7,0
ACE2,239
MAGED1,44
DDX39B,20
ITGB3,211
AASS,132
KRT83,1
CFB,66
A4GALT,4
MEGF6,3
BMPR2,113
EIF2AK3,192
HCRTR1,4
CDKL3,11
ZP2,4
MBL2,74
ADGRF1,16
CYP2E1,704
NUP133,3
CMKLR2,0
LYPLA1,16
PPME1,8
MRPL12,10
KIRREL2,4
SALL4,445
TRAIP,15
BRDT,38
PAICS,39
CREB1,652
LRP5,174
CD69,776
ZNF684,0
RHBDL2,10
PGLYRP1,22
CYFIP2,15
NDUFA9,8
PHLPP2,100
PBX1,527
NUSAP1,114
CCL18,194
H4C9,0
NTHL1,83
VSIG4,34
SOX5,73
NCAPH,39
NAMPT,359
KLHL38,1
ATIC,71
MAPK3,351
C1orf226,0
STRA6,18
DYNLL1,18
TESC,27
CENPW,20
N4BP2L1,2
RFC2,29
ASL,2079
CREBRF,10
ARHGDIG,3
CD40LG,50
ASNSD1,2
PIM1,573
COL8A1,32
CASP10,97
NXPH4,5
CD1C,127
FOXD4L1,2
MZB1,22
ATP6AP1,18
PPM1B,23
ADH1B,207
NSF,311
DOCK11,4
TFB2M,10
HNRNPA1L2,1
MYOM1,4
PCDHGB6,10
CCL8,110
PTGDR2,9
DIO2,28
FAM90A1,1
HYLS1,1
MYC,24740
MAFK,23
SAMD1,5
KIF21A,5
MTARC1,3
GSTZ1,34
SKP1,255
TMEFF1,13
CXCL12,2844
APLP2,40
TCF19,14
KCNC1,3
TRIM10,2
P2RX4,13
KRT6B,32
GIGYF1,3
ZNF699,1
GMPS,73
SLC7A5,190
ZNF257,1
HSD17B8,6
SLC17A7,9
PKD2L1,1
NUCB2,50
GFAP,2338
CFD,166
DSG4,2
NEXMIF,0
TMEM30B,7
FBF1,0
RAB3D,20
MS4A1,84
TDRD6,3
CHCHD1,3
SDC1,709
KIF19,2
PMM2,9
CD300LF,4
ZSWIM8,0
PLA2G2A,75
USP15,51
RGPD4,1
LCMT1,6
SPTA1,29
TUB,98
PPP4R3A,6
TCHP,29
WDR1,24
IL21R,61
CCDC88C,11
POU3F1,11
MRPS16,2
GYS1,21
ZNF552,1
RPP14,2
EMX1,16
MT-CO3,9
TMC2,1
SFRP2,340
MELK,222
PRKCI,56
PLPPR3,0
NEIL1,46
POLL,267
ENG,8793
DNAJC5B,1
SLITRK6,13
ARIH1,12
LIPH,13
MESP2,0
TOR1AIP2,0
MRPS23,10
SERPINF1,28
C4orf46,1
PYCR1,83
UCK2,41
VAPB,10
MED6,14
SLC44A1,27
R3HDM2,2
ATAD2,100
DPP4,344
RBM25,12
H2BC5,0
CAD,3822
SLC12A4,3
CALM2,21
XRCC5,209
VANGL1,48
ACAA2,12
AMMECR1,4
CHTF8,1
PCDHA4,2
C1orf210,0
SHOX,17
IL1R2,58
SGPL1,24
EGR1,1074
GPR17,15
KSR2,21
NME4,24
ILK,437
TFAP2A,143
WRAP73,1
TKFC,1
LRRC8D,3
GLRX,24
SUMO1,221
GJB3,16
CFL2,19
CIMAP1C,0
DRC7,0
NDUFB9,10
COL10A1,71
MACROH2A2,9
SENP8,9
GNAI1,26
MT-ND2,12
RAB44,0
CEP78,4
FKBP5,90
ACAD11,6
SRCAP,29
PODXL2,6
KCNC4,5
RBP7,9
MMP13,696
BFSP1,3
SLC1A3,38
ICOS,463
VANGL2,25
RFK,17
TMEM204,3
MASP2,38
HEXA,132
ARFGEF3,8
LGALS7B,2
SRPK2,26
USP2,59
C1orf127,0
ADM2,23
ITGB7,29
PIGX,1
OLIG1,31
COPS2,12
NIPAL3,0
APOBEC2,13
OGT,246
ABLIM3,2
MRPL2,1
MBIP,13
PYGO2,41
COL2A1,63
GPRASP3,1
PLD2,103
NDST2,7
OASL,26
SMYD1,8
SNX15,2
ACTR2,25
SPINK7,22
TACSTD2,237
MGAT5,56
MAD2L1,278
SLC8A3,5
CFAP45,10
PLA2G1B,10
GNMT,66
COL4A3,27
TMEM33,5
LPCAT1,66
ELL3,5
CLDN5,86
AKAP5,4
CDC45,87
ISG20L2,7
GPS2,33
KCNJ8,5
ALDOA,120
ALKBH2,19
STAU1,31
MANEAL,1
STXBP5L,4
MTMR10,0
ADIPOQ,402
SCN8A,18
VDAC1,196
HJURP,69
ARPC1B,23
OXT,26
LYPD3,31
MBOAT1,2
CHRM3,29
CCT7,4
POLE2,32
FNBP4,3
KIF3C,15
CXCL2,322
SALL2,37
KIAA1958,0
CRYAB,99
MMACHC,5
ALKBH6,2
DHCR24,52
LPIN3,4
PROS1,41
CDKN1A,5496
ZNF813,4
TROAP,33
TFRC,155
SPSB4,1
ADAMTS18,22
CCL5,974
RGS2,62
CCL23,51
SERP1,8
RAB6A,13
CSRP2,16
PKD2,150
FAM133A,4
FABP4,204
STARD10,8
EPRS1,1
RPRD2,1
ABHD12B,1
BGN,160
PDGFRB,575
CHST2,13
ATP6V0B,5
TBX2,91
AKAP8L,7
GFRA1,85
CASP14,27
ZWINT,57
MAPK8IP2,9
TPCN2,16
GLB1L2,1
RFLNA,2
MTFP1,5
FZD2,73
IGLON5,23
CST9,1
LYVE1,337
GABRB3,15
BAG1,214
IZUMO1,1
MYCBP,112
RHOH,50
HYPK,0
MED12L,7
DSG2,109
PRXL2A,1
CYP4F12,14
LFNG,24
STIL,184
VGF,53
FIBCD1,3
MRE11,429
ZNF131,11
SRP9,11
PCBP1,94
DIAPH3,34
CX3CL1,256
L3HYPDH,1
GPHN,7
UBE2Z,3
TPM2,44
ZSCAN18,10
ALDH1L1,34
CCL3L3,2
KCNJ11,21
PADI4,66
TAS2R14,8
FLRT3,17
ECT2,137
AKAP1,5
CYP2C8,207
ANGPT4,8
ZNF829,1
PSMD10,111
LY6G5B,0
CIMIP2B,0
CACHD1,1
FAM167A,3
CLEC10A,15
NXT2,1
MSTN,49
RASSF7,17
LGALS1,190
CCT6A,40
MYH7,19
SMARCA4,955
NKD1,57
KIFBP,0
SYCP3,17
RBMS3,35
TIFA,11
ANO1,258
NEFH,29
DNMT3B,798
POU2AF1,71
GALNT1,17
KLHL2,6
ATP7B,160
TNFRSF17,168
CACNA1B,15
ZMAT4,4
PHC1,10
BEGAIN,0
SASS6,9
SEMA3C,57
DNA2,35
DOK7,30
FOXRED2,2
LGALS9B,2
SYNGR2,5
RHOG,33
TNNI3,3
GIT2,18
TTC14,2
HOXA9,613
ASB12,0
VTA1,2
MAN2A2,3
MAPRE3,11
INAVA,4
SEMA4D,91
MYBPHL,2
CA4,219
AHCYL1,10
IL10RB,40
UBE2V2,15
ID1,639
NUDT12,3
TRIM59,61
ARAP3,9
TMEM106C,6
TSEN54,5
ANK1,24
GUSB,62
FSD2,3
EYA2,46
GCSAM,35
PDRG1,22
CYB5R3,14
FOS,3282
DHX30,3
SELENOP,37
LRBA,15
TNFRSF12A,126
GOLPH3L,5
TFCP2L1,21
IQGAP2,36
CXCL3,137
PIMREG,20
ORAI2,20
PCSK5,10
RAB38,22
CALY,34
ADCYAP1R1,25
CD3D,68
MMP28,41
C17orf49,10
EPGN,12
LATS2,311
SOCS2,154
SLC2A1,1014
IL17REL,3
GHRL,55
COX6B1,10
CLEC4F,2
SLPI,126
KISS1R,118
JUND,304
IGSF21,1
MGLL,34
FHIP1B,0
TNNT3,6
CDKN2A,5907
DISP2,2
BHLHA15,21
F8,328
PLPP1,5
CHAD,227
FPR3,10
SLC3A1,7
PHYKPL,0
TAS1R3,4
CLVS1,1
ADA,988
HPCA,84
SYT12,5
AKAP17A,1
KLHL29,4
SH3BGR,5
CPZ,76
MMP9,10232
WASHC3,0
C3orf52,3
HFM1,6
HMGA1,370
CHP1,15
VARS2,7
PPARA,92
TET3,117
CLDN12,14
CENPT,3
PCDH17,48
WDFY2,6
ERGIC2,10
SRSF1,160
MOB3B,12
BRIP1,409
KEAP1,1117
PLAC1,47
CRNKL1,3
CERS6,53
S100A12,59
P3H4,8
MUC1,3362
CYP26A1,67
OSBP2,5
SPDEF,124
PLCH2,2
TRAF2,388
NDEL1,7
FATE1,10
ARAF,144
KCNJ6,11
NABP1,4
CPA4,27
TJP3,5
ZNF48,2
CNOT7,18
KRT8,130
CAPNS1,35
RHBDL1,1
APOBEC3D,10
ABCA9,14
KCNH2,97
NRG2,31
PEG10,100
CHRNB4,38
IFIH1,91
XRCC6,321
MGAT5B,11
IGFL3,1
TWNK,4
FGB,59
DLX4,57
HABP2,43
IRF6,94
AGPAT2,8
MAPK12,30
RBBP9,8
GPR151,3
FAM83G,6
NECAB1,1
EOGT,4
PLIN2,117
QPCT,20
KCNH4,5
CARD6,11
MYH13,3
CEP70,6
LY86,13
FDX2,4
TLE6,4
ZNF483,2
PTPRO,44
RAB25,100
SMIM22,1
EFCAB11,1
KDM5B,179
NOVA2,20
HLA-E,283
FLRT1,4
ARL2BP,14
FFAR1,32
PRMT5,364
EDIL3,47
DNAH8,8
NRAS,5043
MCOLN2,10
NDUFB8,19
CTNNA3,22
COL11A1,171
RBM22,2
UCHL3,43
TRIM41,5
RAPGEF1,6
ATP5IF1,3
IGKV2D-28,0
IYD,7
CEP112,2
TCP10L,5
PDXP,10
CD70,330
SRC,8705
IL6,14445
PNPLA6,3
ACAD8,2
ITGB2,97
ANO2,9
GLP1R,152
KCNK13,0
PLD1,133
UPP1,21
RAB3A,26
NMRAL1,2
TMC5,9
MTX1,9
TMEM182,3
TNFSF13,123
JADE1,15
BMP8A,10
LSR,146
TAP2,194
ETV6,1502
EPHB2,207
AMBP,26
TENM4,13
ZNF366,7
ZNF280D,0
ITPKA,18
DMPK,144
AVPR1A,11
WDR37,2
RETN,112
HTR2A,31
MLEC,6
HOXD8,38
CSRNP1,4
LY6D,47
LSMEM2,0
SLC9A3,21
EIF1AY,5
KCNS1,6
AP1G2,1
AFG2A,0
CYSRT1,0
ST3GAL4,28
TCF21,73
RCC1,79
DUSP1,302
PITX1,72
CIDEC,11
BTRC,83
SNAPIN,7
ZNF93,4
CERS4,15
CCNO,11
NLRC4,57
EVA1A,23
BLVRA,6
EVL,82
PCK1,56
CENPI,13
PGR,2570
NAALADL2,10
GRIN3B,2
MYBPC3,4
TTLL12,8
DENND2D,13
SDCBP2,6
E2F8,62
NDUFA13,80
CSNK2A2,11
IGF2BP1,320
CCL17,258
ERLIN2,16
COLQ,15
TINCR,66
TRPV1,272
MCIDAS,4
E2F4,278
SELENOH,2
PIK3CG,128
COL3A1,193
WASHC5,2
ADGRA2,7
MZT1,1
MT1G,74
CCR1,248
RHEX,0
TXNDC17,11
RNF187,9
LZTR1,102
PDE6B,5
ASPG,6
P4HA2,50
PEX13,3
TBL2,4
SGK2,20
BEND3,11
GAPT,2
ALDH3A1,96
SEPTIN5,9
MCMDC2,1
YWHAZ,179
KDR,1528
ENTPD8,1
TNMD,4
TMEM236,2
PGBD5,9
INSC,24
HCST,56
SCGB2A1,27
RASGRP2,13
NUPR2,2
ZNF587,2
CAPN9,7
MLC1,101
F2R,35
RAB19,2
FAP,3388
RECK,799
TPO,732
ORM2,24
C1QL3,2
TECR,5
SFXN2,2
PYY,128
FOXI1,21
MXI1,100
SEC22B,11
ATG16L2,15
DSP,343
PLA2R1,33
PRDM12,7
CFAP263,0
SGCA,24
PIERCE2,0
VSIR,119
KRT40,1
CEBPA,987
EFNA3,31
H4C5,0
CAPN8,10
NADSYN1,12
SAMHD1,83
ZNF233,1
RCC2,37
CLDN3,173
POTEF,7
NGRN,1
BOLA2,7
PTGR2,5
CTNNB1,6136
NKX3-2,11
BAALC,120
SIGLEC11,4
KANK1,44
SHROOM2,6
STAT1,2241
KCNK7,0
BNIPL,8
COL6A6,13
NR2F1,101
SLC30A8,16
KCTD16,6
SCUBE2,24
H2BC26,0
EZH1,112
CHST3,10
CLIC3,18
KLHL11,27
DMBX1,5
POLH,81
NGFR,396
OXTR,32
TAF10,5
GPIHBP1,5
SARM1,12
VAMP1,8
TMEM165,1
USP44,39
WNT4,132
SYT6,3
LPAR3,42
CBFA2T3,103
SHTN1,3
CDC7,100
BMP1,74
RGS10,19
TRPS1,144
DNAAF1,5
PRR15L,1
LAMTOR2,14
EIF3H,32
NOD2,174
PRKY,8
LRRC26,6
SLC9A6,0
ELAVL2,41
TLN2,19
SELPLG,13
VASH2,37
GTF3C4,1
SYNDIG1,3
ALPK2,14
WARS2,6
NDRG2,177
LUC7L2,9
DMD,206
PGAP2,2
TLCD3B,1
TTBK1,2
ATP6V0C,18
GTSF1,7
RBPMS,42
ZNF480,0
RAMP2,33
C1R,82
ARHGAP24,22
RGS14,4
MARS2,14
USP53,6
CGAS,795
UACA,8
CKMT1A,11
C16orf54,1
RAD21,150
ZNF714,1
PPP1R1A,8
CELSR2,11
TMEM171,2
PACSIN1,2
DNAAF2,0
HOXA7,96
PRR5,8
OAS1,64
PLK1,1216
ERBB2,18137
SHISA9,3
NTAQ1,0
FGD3,8
TH,11415
OSCAR,2241
MSMB,90
MTPN,3
CNPY2,19
MMP19,66
POGK,3
GZMB,516
BCHE,89
CXCL10,1124
IPO5,10
EAF1,10
MYBPC2,1
SYT1,31
LRRC59,14
LOXL4,50
DLGAP2,1
MAMDC2,8
CCL14,38
PALS1,11
NUP214,170
USP9X,145
DCP2,9
HSPA9,100
CKM,46
REEP3,4
GJB2,185
GNL3L,10
SIGLEC14,8
MCM7,251
FAM222B,0
TMPO,56
APEH,8
MEIG1,0
MAPT,158
DTL,133
LEF1,675
CENPM,30
RRM1,448
CD34,16791
RRAD,38
DAB2IP,126
HMGCR,229
EPS8L1,1
SNX22,1
BYSL,15
BATF2,41
EEPD1,7
JCAD,4
TFIP11,0
HOXB5,45
CSGALNACT1,8
SULT2B1,36
EFNB1,29
GART,51
CDK5RAP2,8
MDK,249
CLEC4G,9
ABTB1,6
RPL26L1,2
BBC3,476
CTNND2,24
ATP6V0D2,9
FBLL1,1
C7orf25,2
IDH3A,8
ALPK1,15
PPP1R3D,0
FGF2,1178
ZNF860,5
TNFRSF14,146
TNNC2,3
SMTN,23
NAT14,0
LRRC20,0
VHL,3634
NRTN,17
PYGM,72
ZNF217,162
ORC6,16
ZNF726,1
CEP19,2
PFDN5,11
NME5,8
ADRA2A,23
CKAP2L,14
CLCN3,7
VPS33B,9
FGR,174
PDXDC1,4
CAP2,22
CUL3,189
MSX1,76
RCOR2,10
IL2RA,368
LMX1B,15
VEGFC,1638
XCL2,17
XPO5,70
TCF4,889
NUAK1,70
HOXB9,88
CFAP184,0
ILF2,47
TSSK3,0
GPRASP1,9
MYL5,8
LSM5,1
KCNE4,9
EPHX3,9
LILRA6,3
FGD4,14
WDR62,10
GYG2,2
KCNQ2,11
CDC42,1256
MEGF10,9
SLC27A4,8
GSTT2B,3
GRAMD2B,0
C6,2945
SYNPO2,35
GCG,213
FER,360
COLEC10,6
COX5B,21
SOX2,3268
PCDHA6,0
NVL,19
GRIN2C,3
SNTG2,1
PSMB10,32
CXCR3,678
HMGN1,31
VPS4A,12
ITPR1,94
PNLDC1,2
PIERCE1,2
TIMM17A,10
NEXN,4
SMS,1229
TRPM3,25
CBX5,110
MS4A4E,0
VASP,127
GPRASP2,2
RPTOR,116
CUTA,13
PPFIA3,3
MRPL48,5
C1orf50,0
GRPEL2,3
ADH1A,25
FLVCR1,24
SCNN1D,1
PCDH7,35
DSC2,51
CDH23,20
CDKN1C,330
PSME3IP1,0
COL24A1,6
ATP6V1G1,7
SFTPC,35
CEP250,8
IL18RAP,17
NCAM2,15
FLT3,5024
EPAS1,183
LPIN1,29
GCKR,28
NACC1,57
GRM3,21
POLQ,101
DCK,343
CMBL,16
RAB26,15
RAD51AP1,47
SLC15A1,35
ASB14,1
SRRT,10
BOP1,22
CDK2AP1,39
LIN7A,8
KLK8,49
EFL1,6
IDH2,1715
PCLAF,62
CCL21,339
MUC16,972
NDUFS6,5
CORT,97
ARF6,145
SIPA1L3,4
WNT3,169
AGER,224
TNR,153
SIX1,189
KCNS2,0
SLC4A10,0
MUC6,721
GREM1,147
CARMIL2,8
COL13A1,16
GRPR,368
DTX3L,21
PPP1R14A,22
COX6C,19
CACNA2D2,33
ITGA4,84
FTH1,156
PSMD9,11
HSPE1,13
MTERF3,5
MRPL19,15
CCR8,104
SLN,4644
NUF2,71
SLC12A2,39
APCDD1,11
EBF1,154
CCDC196,0
CTBS,16
KCNA3,17
ANXA1,323
PLA2G3,9
LMOD1,10
NOTCH4,254
ATXN3,40
HSF4,13
CCDC116,3
SRPRB,9
PRX,146
RUFY3,9
PALS2,0
CD93,49
MCM5,131
MPO,980
SRSF11,8
BRD1,26
CHST4,9
BTLA,223
APH1A,7
PRKDC,578
CLK1,31
PIPOX,10
MYBPH,11
YTHDC1,91
LTF,126
C1QTNF6,24
FAM111B,24
H2AC6,0
IFNGR1,79
HEPACAM2,3
RAP1GAP,63
ANG,3982
URB2,1
ENTREP1,0
ZNF669,1
LSM4,10
TNC,483
CDK20,8
ZNF652,16
RAI2,11
RIMBP3,0
LGI3,3
HSPA5,1293
ABCG4,6
C5orf22,2
SEMA3G,15
SLC11A1,13
KCNJ2,17
RNF39,1
TACC3,203
CCNB3,84
JAM2,27
GRIP1,47
ATP6V1A,9
TRAT1,10
ADAMTSL1,4
CLASP1,3
MACIR,1
DLEC1,57
STX6,14
POLR2F,13
ACTB,327
NUBP2,4
ZNF564,0
PLSCR3,2
GCGR,26
GLDN,6
RPGRIP1L,3
GRB7,145
ADM,2970
CTPS2,7
TTC38,2
LIMK2,53
TSSK1B,1
PYROXD2,5
PAEP,90
CCRL2,23
TFPI,256
GPX3,159
PPP2R1A,113
TOMM5,4
OLAH,430
IL18R1,36
ZNF816,0
GPD1,15
AKT1,4150
RAPGEF3,70
SUPT5H,9
SLC39A2,4
SMN1,12
DNAJC3,16
ZNF485,0
BCL6B,22
NPHS1,8
BTBD9,1
MADD,47
FZD3,73
NUCKS1,33
ISCU,29
HACD4,3
PIGW,1
SOX4,477
DNAH9,14
ARID3A,44
AMACR,551
TMEM132A,9
MMP3,914
HACD1,4
USP37,21
CYP27B1,220
ZNF468,2
ZNF281,23
COLEC11,4
MACROH2A1,33
MIA,2035
FOLH1,1436
ENGASE,0
ARHGEF15,4
BORCS8,0
CYB561,8
VWC2,4
CALM3,8
VIRMA,61
CTNNA2,13
PROKR1,11
CHEK2,1639
YBX3,33
SMURF2,94
HLF,334
GPM6A,24
GAS1,77
JUNB,435
STX2,16
LOXL1,78
NCR3,93
XCR1,47
WDHD1,21
NPFFR2,3
TMT1A,0
RALGPS2,3
CAMSAP3,6
BHLHE22,6
VAV3,112
SPACA1,2
HAUS1,5
IL20,47
CALML4,1
PCDHGB7,7
GINS1,35
B3GALT5,27
TTC7B,2
DPYSL5,75
ATP8B4,4
APOBEC3F,15
MORF4L2,8
LEP,358
MEPE,24
MYL7,3
HCN2,6
TYRO3,191
LRRC45,2
BMP7,273
RNPC3,9
ACR,1625
RIPK1,288
CR2,628
PIK3R2,67
RAET1L,8
STXBP1,10
P2RY2,45
VDAC3,22
PSMB3,8
SDC4,119
TEKT1,2
ANOS1,16
FADS2,55
MAP7D2,2
RHOA,2288
USHBP1,2
KDELR3,11
ENC1,21
ERG,2405
NDUFA11,6
CEP68,3
COL26A1,1
CRLF2,257
LIPF,11
SERPINI1,17
EDEM3,4
JUN,374129
CITED1,60
MT1X,54
ADORA2B,26
THEM6,4
RIPK3,240
BCL7A,31
PRKAB2,13
ZNF511,1
YWHAG,33
SARS1,0
COLGALT2,5
IKBKE,214
CACNG1,1
NKTR,50
CMTM4,27
CCL27,73
FAM135B,12
TMEM64,3
CHD1,93
SNRPG,5
MAP3K6,12
NPB,44
TOR3A,1
E2F1,2309
PLD3,9
